"asn","match_name","organization","comment"
"559","src_asn_hosting_","SWITCH",""
"834","src_asn_hosting_","IPXO LLC",""
"906","src_asn_hosting_","DMIT Cloud Infrastructure",""
"917","src_asn_hosting_","Misaka.io",""
"965","src_asn_hosting_","Webhosting Holdings LLC",""
"971","src_asn_hosting_","PureVoltage",""
"984","src_asn_hosting_","OWS",""
"1002","src_asn_hosting_","Bytefilter LLC",""
"1101","src_asn_hosting_","Not SURF Net",""
"1836","src_asn_hosting_","green.ch AG",""
"2285","src_asn_hosting_","OCB Orange Cloud Business CDN ASN",""
"2500","src_asn_hosting_","WIDE Project",""
"3223","src_asn_hosting_","VOXILITY",""
"3236","src_asn_hosting_","SERVER.UA",""
"4851","src_asn_hosting_","Host Networks",""
"5626","src_asn_hosting_","ONITELECOM - INFOCOMUNICACOES S.A.",""
"6597","src_asn_hosting_","Coloblox Data Centers",""
"6698","src_asn_hosting_","Virtual Systems AS6698",""
"6724","src_asn_hosting_","STRATO AG",""
"6939","src_asn_hosting_","Hurricane Electric",""
"7040","src_asn_hosting_","Netminders Server Hosting",""
"7162","src_asn_hosting_","Scala Data Centers (Upstream AS)",""
"7203","src_asn_hosting_","LeaseWeb USA  / SFO-12",""
"7488","src_asn_hosting_","CNSERVER LLC",""
"7489","src_asn_hosting_","HostUS",""
"7506","src_asn_hosting_","GMO Internet Inc.",""
"7628","src_asn_hosting_","CorpCloud",""
"7720","src_asn_hosting_","Skywolf Cloud",""
"7979","src_asn_hosting_","SERVERS.COM",""
"8075","src_asn_hosting_","Microsoft",""
"8100","src_asn_hosting_","QuadraNet",""
"8283","src_asn_hosting_","Netwerkvereniging ColoClue",""
"8369","src_asn_hosting_","Intersvyaz",""
"8477","src_asn_hosting_","Echostar Studio Sp. z o.o.",""
"8560","src_asn_hosting_","IONOS SE",""
"8646","src_asn_hosting_","cloudinfrastack",""
"8860","src_asn_hosting_","Delta Cloud",""
"8972","src_asn_hosting_","Host Europe GmbH",""
"9009","src_asn_hosting_","M247",""
"9028","src_asn_hosting_","OHOST",""
"9063","src_asn_hosting_","VSE NET GmbH",""
"9087","src_asn_hosting_","Rackdog LLC",""
"9115","src_asn_hosting_","Hostopia a HostPapa Inc. company [Europe]",""
"9123","src_asn_hosting_","JSC TimeWeb",""
"9186","src_asn_hosting_","OniTelecom",""
"9287","src_asn_hosting_","True Internet Data Center Thailand",""
"9294","src_asn_hosting_","GNET INC.",""
"9318","src_asn_hosting_","SK Broadband",""
"9335","src_asn_hosting_","NT(CAT) Data Center",""
"9381","src_asn_hosting_","HKBNES",""
"9430","src_asn_hosting_","Software Technology Parks of IndiaBlock-IV",""
"9465","src_asn_hosting_","AGOTOZ PTE. LTD.",""
"9583","src_asn_hosting_","Sify Technologies Limited",""
"9678","src_asn_hosting_","HostingInside LTD",""
"9952","src_asn_hosting_","Hostway IDC",""
"10439","src_asn_hosting_","CARI.net - Fiber Alley Data Centers",""
"10929","src_asn_hosting_","eStruxture AS10929",""
"11179","src_asn_hosting_","Aryaka Networks",""
"11320","src_asn_hosting_","LightEdge Solutions",""
"11426","src_asn_hosting_","Charter Communications Inc",""
"11767","src_asn_hosting_","QTS Miami",""
"11878","src_asn_hosting_","TZULO",""
"35382","src_asn_hosting_","Glesys",""
"11989","src_asn_hosting_","HostPapa",""
"12025","src_asn_hosting_","Iron Mountain Data Centers (fka IO Data Centers)",""
"12342","src_asn_hosting_","Brack.ch AG",""
"12389","src_asn_hosting_","Rostelecom",""
"12417","src_asn_hosting_","Plus Hosting Grupa d.o.o.",""
"12462","src_asn_hosting_","Evolutio Cloud Enabler S.A. Unipersonal",""
"12488","src_asn_hosting_","Krystal Hosting",""
"12552","src_asn_hosting_","GlobalConnect AS12552",""
"12555","src_asn_hosting_","IMAQLIQ",""
"12586","src_asn_hosting_","GHOSTnet",""
"12601","src_asn_hosting_","Cegedim.Cloud SASU",""
"12637","src_asn_hosting_","Seeweb",""
"12695","src_asn_hosting_","CJSC Digital Network",""
"12722","src_asn_hosting_","RECONN",""
"12731","src_asn_hosting_","IPHH Internet Port Hamburg GmbH",""
"12824","src_asn_hosting_","home.pl S.A.",""
"12876","src_asn_hosting_","Scaleway",""
"12989","src_asn_hosting_","BlackHOST",""
"13030","src_asn_hosting_","Init7",""
"13188","src_asn_hosting_","Triolan ISP",""
"13213","src_asn_hosting_","UK2Group",""
"13335","src_asn_hosting_","Cloudflare",""
"13378","src_asn_hosting_","QINGYE-CLOUD",""
"13645","src_asn_hosting_","365 Data Centers (Host.net)",""
"13737","src_asn_hosting_","Interconnecx LLC",""
"13768","src_asn_hosting_","Aptum Technologies",""
"13830","src_asn_hosting_","PureVoltage Hosting (Nexril)",""
"13845","src_asn_hosting_","eStruxture AS13845",""
"13984","src_asn_hosting_","SD Data Center",""
"14061","src_asn_hosting_","DigitalOcean",""
"14230","src_asn_hosting_","Involta",""
"14315","src_asn_hosting_","1GServers",""
"14576","src_asn_hosting_","King Servers",""
"14586","src_asn_hosting_","Nuclearfallout Enterprises ASN 14586",""
"14618","src_asn_hosting_","Amazon AES",""
"14670","src_asn_hosting_","hosting.com USE1",""
"14713","src_asn_hosting_","Hosted Backbone",""
"14956","src_asn_hosting_","RouterHosting LLC",""
"14987","src_asn_hosting_","Rethem Hosting LLC",""
"15162","src_asn_hosting_","Netminders Server Hosting",""
"15169","src_asn_hosting_","Google LLC",""
"15395","src_asn_hosting_","Rackspace Ltd.",""
"15440","src_asn_hosting_","Baltnetos Komunikacijos Customers",""
"15510","src_asn_hosting_","CWCS Managed Hosting",""
"15589","src_asn_hosting_","Retelit S.p.A. (formerly Clouditalia)",""
"15598","src_asn_hosting_","NorthC Germany",""
"15703","src_asn_hosting_","TrueServer",""
"15830","src_asn_hosting_","Equinix as15830",""
"15919","src_asn_hosting_","Servicios de Hosting en Internet S.A.",""
"16003","src_asn_hosting_","Fornex Hosting - Netherlands",""
"16045","src_asn_hosting_","BULINFO HOSTING",""
"16125","src_asn_hosting_","Cherry Servers",""
"16210","src_asn_hosting_","WIIT AS16210",""
"16276","src_asn_hosting_","OVHcloud",""
"16417","src_asn_hosting_","HPS // Cisco Cloud Email Security (CES) / IronPort",""
"16509","src_asn_hosting_","Amazon.com",""
"16554","src_asn_hosting_","Cloud Source Inc.",""
"16611","src_asn_hosting_","INFINIAHOST",""
"17077","src_asn_hosting_","Broadcast Networks",""
"17426","src_asn_hosting_","Primenet Global Ltd",""
"17476","src_asn_hosting_","CloudRadium(HK)",""
"17561","src_asn_hosting_","LARUS Limited",""
"17621","src_asn_hosting_","China Unicom Shanghai Network",""
"17762","src_asn_hosting_","Tata Teleservices (Maharastra)",""
"17881","src_asn_hosting_","Inet Hosting Inc.",""
"18229","src_asn_hosting_","CtrlS Datacenters",""
"18345","src_asn_hosting_","Servers Australia Customers",""
"18501","src_asn_hosting_","CyberCloud Professionals LLC",""
"18779","src_asn_hosting_","Energy Group Networks",""
"19148","src_asn_hosting_","LiveWorld Inc",""
"19186","src_asn_hosting_","GMCHOSTING",""
"19318","src_asn_hosting_","InterServer",""
"19437","src_asn_hosting_","SECURED SERVERS LLC",""
"19527","src_asn_hosting_","Google LLC AS19527",""
"19853","src_asn_hosting_","OrangeHost",""
"19871","src_asn_hosting_","Network Solutions LLC",""
"19905","src_asn_hosting_","UltraDDoS Protect",""
"19969","src_asn_hosting_","Patmos Network",""
"19994","src_asn_hosting_","Rackspace Hosting",""
"20068","src_asn_hosting_","Hawk Host",""
"20454","src_asn_hosting_","SECURED SERVERS LLC",""
"20473","src_asn_hosting_","The Constant Company",""
"20738","src_asn_hosting_","GD-EMEA-DC-LD5",""
"20773","src_asn_hosting_","Host Europe GmbH",""
"20857","src_asn_hosting_","TransIP BV",""
"20860","src_asn_hosting_","iomart",""
"20988","src_asn_hosting_","MTF-CLOUD",""
"21069","src_asn_hosting_","METANET AG",""
"21130","src_asn_hosting_","IOMART CLOUD SERVICES LIMITED",""
"21162","src_asn_hosting_","ISM eCompany Hosting Services",""
"21315","src_asn_hosting_","ENNE Solutions",""
"21367","src_asn_hosting_","Wiland",""
"21472","src_asn_hosting_","ServerHouse Ltd.",""
"21499","src_asn_hosting_","Host Europe GmbH",""
"21501","src_asn_hosting_","Host Europe GmbH",""
"21581","src_asn_hosting_","M5 Computer Security / M5Hosting",""
"21859","src_asn_hosting_","Zenlayer Inc",""
"21980","src_asn_hosting_","Dayco Telecom C.A",""
"22295","src_asn_hosting_","Advin Servers AS22295",""
"22302","src_asn_hosting_","INOC Data Centers",""
"22363","src_asn_hosting_","Powerhouse Management Inc.",""
"22439","src_asn_hosting_","Perfect International Inc",""
"22552","src_asn_hosting_","eSited Solutions",""
"22611","src_asn_hosting_","InMotion Hosting",""
"22612","src_asn_hosting_","Namecheap",""
"22772","src_asn_hosting_","Login",""
"23033","src_asn_hosting_","Wowrack.com",""
"23273","src_asn_hosting_","HostPapa",""
"23352","src_asn_hosting_","Summit",""
"23470","src_asn_hosting_","ReliableSite.Net",""
"23576","src_asn_hosting_","NAVER",""
"23881","src_asn_hosting_","UDomain Web Hosting Company Limited",""
"23899","src_asn_hosting_","VNIX-HN Route Servers",""
"24376","src_asn_hosting_","Yahoo China Datacenter",""
"24429","src_asn_hosting_","Alibaba Cloud CDN",""
"24586","src_asn_hosting_","Intermax Cloudsourcing B.V.",""
"24611","src_asn_hosting_","Datacenter Luxembourg",""
"24785","src_asn_hosting_","Joint Transit",""
"24866","src_asn_hosting_","Cloud Megafon",""
"24940","src_asn_hosting_","Hetzner Online",""
"24958","src_asn_hosting_","The Bunker",""
"24961","src_asn_hosting_","WIIT Group",""
"25098","src_asn_hosting_","Netcalibre Ltd",""
"25108","src_asn_hosting_","iomart - Asia/Middle East",""
"25184","src_asn_hosting_","Afranet",""
"25198","src_asn_hosting_","ZetServers",""
"25211","src_asn_hosting_","'Euro Crypt' EOOD",""
"25369","src_asn_hosting_","Hydra Communications Ltd (EU)",""
"25532","src_asn_hosting_","Masterhost",""
"25577","src_asn_hosting_","CloudCoCo Connect",""
"25697","src_asn_hosting_","UpCloud USA",""
"25780","src_asn_hosting_","HugeServer Networks LLC",""
"25846","src_asn_hosting_","Cloudnium LLC",""
"25893","src_asn_hosting_","Wattage Hosting LLC",""
"25960","src_asn_hosting_","PropelCLOUD",""
"26091","src_asn_hosting_","Indiana Data Center LLC",""
"26277","src_asn_hosting_","ServerPoint",""
"26347","src_asn_hosting_","DreamHost",""
"26356","src_asn_hosting_","CRUSOE ENERGY SYSTEMS LLC",""
"26481","src_asn_hosting_","Rebel Hosting",""
"26496","src_asn_hosting_","GoDaddy",""
"26548","src_asn_hosting_","Purevoltage Hosting",""
"26666","src_asn_hosting_","Interserver Inc",""
"26863","src_asn_hosting_","Gameserverkings",""
"26967","src_asn_hosting_","Digium Cloud Services",""
"27176","src_asn_hosting_","DataWagon",""
"27229","src_asn_hosting_","Webhosting.Net Inc.",""
"27357","src_asn_hosting_","Rackspace Hosting",""
"27411","src_asn_hosting_","Leaseweb USA Inc.",""
"27589","src_asn_hosting_","MojoHost",""
"27640","src_asn_hosting_","GIGAS HOSTING USA LLC",""
"27823","src_asn_hosting_","Dattatec.com",""
"28099","src_asn_hosting_","iHosting Servicios Internet",""
"28110","src_asn_hosting_","Rack Lodge",""
"28195","src_asn_hosting_","Com4 Data Center Eireli",""
"28239","src_asn_hosting_","IWserver Internet Banda Larga Ltda (IW Telecom)",""
"28271","src_asn_hosting_","DataCorpore Telecom & Datacenter",""
"28299","src_asn_hosting_","Kinghost Hospedagem de Sites",""
"28333","src_asn_hosting_","Local Datacenter Solues em Comunicao Ltda",""
"28666","src_asn_hosting_","Hostlocation LTDA",""
"28747","src_asn_hosting_","Easyhost",""
"28753","src_asn_hosting_","LeaseWeb Germany / FRA-01",""
"28914","src_asn_hosting_","Cloud9 Communications Ltd",""
"29066","src_asn_hosting_","velia.net",""
"29075","src_asn_hosting_","IELO",""
"29097","src_asn_hosting_","Hostpoint",""
"29262","src_asn_hosting_","iDealHosting LTD",""
"29278","src_asn_hosting_","Rackhost",""
"29302","src_asn_hosting_","Hosting Services Inc",""
"29534","src_asn_hosting_","Fiberax Networking & Cloud AS29534",""
"29535","src_asn_hosting_","Orange Polska - Internet Optimum and TPIX Route Servers",""
"29691","src_asn_hosting_","Nine Internet Solutions AG",""
"29789","src_asn_hosting_","Reflected Networks Inc.",""
"29802","src_asn_hosting_","Hivelocity LLC",""
"29838","src_asn_hosting_","Atlantic Metro",""
"30058","src_asn_hosting_","FDCServers.Net",""
"30277","src_asn_hosting_","DFW Datacenter",""
"30447","src_asn_hosting_","Hostopia a HostPapa Inc. company [USA]",""
"30455","src_asn_hosting_","HostVenom",""
"30456","src_asn_hosting_","Cosmic Global",""
"30633","src_asn_hosting_","LeaseWeb USA / WDC-02",""
"30688","src_asn_hosting_","FastTrack Communications",""
"30823","src_asn_hosting_","aurologic GmbH",""
"30849","src_asn_hosting_","Research-and-production company Host Ltd",""
"30860","src_asn_hosting_","Virtual Systems AS30860",""
"30893","src_asn_hosting_","no ack hosting network",""
"30997","src_asn_hosting_","GIXA Route Servers",""
"31034","src_asn_hosting_","Aruba",""
"31103","src_asn_hosting_","Keyweb",""
"31472","src_asn_hosting_","VoiceHost",""
"31581","src_asn_hosting_","National Infocommunications Service Company Limited by Shares",""
"31590","src_asn_hosting_","Rackhosting.com ApS",""
"31673","src_asn_hosting_","Uniserver Internet BV",""
"31798","src_asn_hosting_","DataCity",""
"31898","src_asn_hosting_","Oracle Cloud Infrastructure",""
"32002","src_asn_hosting_","RackGenius",""
"32097","src_asn_hosting_","Wholesale Internet Inc.",""
"32475","src_asn_hosting_","Internap Holding LLC",""
"32613","src_asn_hosting_","iWeb Technologies",""
"32748","src_asn_hosting_","Steadfast Networks",""
"32751","src_asn_hosting_","Nuclearfallout Enterprises Inc.",""
"32780","src_asn_hosting_","Hosting Services Inc",""
"32875","src_asn_hosting_","Wowrack.com",""
"33028","src_asn_hosting_","VEXXHOST Inc.",""
"33070","src_asn_hosting_","Rackspace Hosting",""
"33182","src_asn_hosting_","HostDime.com Inc",""
"33185","src_asn_hosting_","Hive Data Center",""
"33335","src_asn_hosting_","Heaviside Hosting LLC",""
"33480","src_asn_hosting_","Web Werks India",""
"33724","src_asn_hosting_","Biznesshosting Inc DBA VOLICO",""
"33930","src_asn_hosting_","Cloud Temple",""
"33970","src_asn_hosting_","Open Hosting",""
"33993","src_asn_hosting_","UFO Hosting LLC",""
"34011","src_asn_hosting_","Host Europe GmbH",""
"34081","src_asn_hosting_","Server24",""
"34499","src_asn_hosting_","BlackBox Hosting Ltd",""
"34534","src_asn_hosting_","Harmony Hosting",""
"34606","src_asn_hosting_","BBBell",""
"34665","src_asn_hosting_","PIN Datacenter",""
"34689","src_asn_hosting_","hosteroid",""
"34762","src_asn_hosting_","Combell",""
"34788","src_asn_hosting_","Neue Medien Muennich",""
"34959","src_asn_hosting_","ProCloud",""
"34989","src_asn_hosting_","ServeTheWorld AS",""
"35042","src_asn_hosting_","Layer7 Networks GmbH",""
"35048","src_asn_hosting_","Biterika Group LLC",""
"35278","src_asn_hosting_","SPRINTHOST.RU LLC",""
"35369","src_asn_hosting_","LINZ AG TELEKOM",""
"35487","src_asn_hosting_","Misaka Network Inc. (EMEA)",""
"35506","src_asn_hosting_","INFORMATION SOCIETY S.A.",""
"35540","src_asn_hosting_","OVH Telecom",""
"35575","src_asn_hosting_","Vaioni",""
"35624","src_asn_hosting_","Fast Servers (Pty) Ltd",""
"35729","src_asn_hosting_","Viacloud Telecom",""
"35766","src_asn_hosting_","Mabna Cloud",""
"35779","src_asn_hosting_","mCloud doo",""
"35830","src_asn_hosting_","Fast Servers (Pty) Ltd",""
"36114","src_asn_hosting_","VegasNAP LLC",""
"36183","src_asn_hosting_","Akamai Technologies Inc.",""
"36218","src_asn_hosting_","hosting.com CAN1",""
"36231","src_asn_hosting_","Tempest Hosting LLC",""
"36321","src_asn_hosting_","Castle Global Inc.",""
"36326","src_asn_hosting_","Techwebhosting Internet Solutions LLC",""
"36352","src_asn_hosting_","ColoCrossing",""
"36454","src_asn_hosting_","hosting.com USC1",""
"36536","src_asn_hosting_","Enterhost",""
"36666","src_asn_hosting_","GloboTech Communications",""
"37100","src_asn_hosting_","SEACOM",""
"37273","src_asn_hosting_","Bandwidth and Cloud Services Group",""
"37352","src_asn_hosting_","CloudAfrica Hosting (PTY) LTD",""
"37504","src_asn_hosting_","EO Data Center",""
"37611","src_asn_hosting_","Afrihost",""
"37647","src_asn_hosting_","Blue Cloud Networks Limited",""
"37671","src_asn_hosting_","3S INF",""
"37738","src_asn_hosting_","HOSTOWEB",""
"37907","src_asn_hosting_","DigiRock Inc.",""
"37963","src_asn_hosting_","Alibaba (China)",""
"38060","src_asn_hosting_","BIX Indonesia Route Servers",""
"38107","src_asn_hosting_","CDNetworks",""
"38283","src_asn_hosting_","CHINANET SiChuan Telecom Internet Data Center",""
"38365","src_asn_hosting_","Baidu Netcom Science and Technology Co. Ltd.",""
"38513","src_asn_hosting_","Cloudeka",""
"38719","src_asn_hosting_","Dreamscape Networks",""
"38955","src_asn_hosting_","World4You Internet Services GmbH",""
"38983","src_asn_hosting_","Copaco Cloud",""
"39122","src_asn_hosting_","Blacknight Internet Solutions",""
"39326","src_asn_hosting_","Syntura Group Limited",""
"39345","src_asn_hosting_","BTS TELECOM & Hosting SRL",""
"39364","src_asn_hosting_","Hormoz IT & Network Waves Connection Co. (PJS)",""
"39368","src_asn_hosting_","Serverir",""
"39486","src_asn_hosting_","HostRoyale Technologies Pvt Ltd",""
"39519","src_asn_hosting_","WIIT AG - Enterprise & Dialup",""
"39566","src_asn_hosting_","Smarthost",""
"39572","src_asn_hosting_","ADVANCED HOSTING",""
"39591","src_asn_hosting_","Global-e Datacenter",""
"39615","src_asn_hosting_","Mevershosting.nl",""
"39647","src_asn_hosting_","Redhosting",""
"39704","src_asn_hosting_","CJ2 Hosting",""
"39783","src_asn_hosting_","Rent a Rack AS",""
"39798","src_asn_hosting_","MivoCloud",""
"39832","src_asn_hosting_","Opera Software AS",""
"39845","src_asn_hosting_","2 Cloud Ltd.",""
"39931","src_asn_hosting_","IPTelecom",""
"40021","src_asn_hosting_","Nubes",""
"40065","src_asn_hosting_","CNSERVERS",""
"40092","src_asn_hosting_","HostPapa",""
"40138","src_asn_hosting_","MDNET",""
"40281","src_asn_hosting_","QWK.net Hosting L.L.C.",""
"40676","src_asn_hosting_","Psychz Networks",""
"40861","src_asn_hosting_","Paradise Networks",""
"40866","src_asn_hosting_","MyServer.org",""
"41012","src_asn_hosting_","The Cloud Networks",""
"41111","src_asn_hosting_","FAST GEO HOSTING S.R.L.",""
"41281","src_asn_hosting_","KeFF Networks",""
"41412","src_asn_hosting_","WIIT (formerly Mivitec GmbH)",""
"41427","src_asn_hosting_","Datacenter d.o.o.",""
"41436","src_asn_hosting_","Kamatera EU",""
"41535","src_asn_hosting_","LLC 'ASTRA CLOUD'",""
"41541","src_asn_hosting_","sw hosting & communications technologies SL",""
"41562","src_asn_hosting_","Host4all Sarl",""
"41564","src_asn_hosting_","Packet Exchange AS41564",""
"41608","src_asn_hosting_","NextGenWebs S.L.",""
"41634","src_asn_hosting_","svea.net",""
"41635","src_asn_hosting_","LIVEHOSTING DATACENTER SRL",""
"41655","src_asn_hosting_","Netcloud AG",""
"41766","src_asn_hosting_","JobCloud SA",""
"41828","src_asn_hosting_","Telemach Slovenija d.o.o.",""
"41993","src_asn_hosting_","Cloud Center Finland Oy",""
"42093","src_asn_hosting_","InterRacks",""
"42244","src_asn_hosting_","eServer.ru",""
"42263","src_asn_hosting_","WIIT Cloud&Edge",""
"42346","src_asn_hosting_","NorthC Switzerland",""
"42390","src_asn_hosting_","The Cloud Networks Germany",""
"42473","src_asn_hosting_","Anexia",""
"42567","src_asn_hosting_","MojoHost B.V.",""
"42612","src_asn_hosting_","Dinahosting SL",""
"42624","src_asn_hosting_","Global-Data System IT Corporation",""
"42675","src_asn_hosting_","Obehosting",""
"42708","src_asn_hosting_","Portlane",""
"42831","src_asn_hosting_","UK Dedicated Servers",""
"43037","src_asn_hosting_","Seznam.cz a.s.",""
"43268","src_asn_hosting_","SNS-IX Route Servers",""
"43289","src_asn_hosting_","Trabia",""
"43350","src_asn_hosting_","NFOrce Internet Services :: 43350",""
"43362","src_asn_hosting_","Hosting Ltd",""
"43366","src_asn_hosting_","OSSO",""
"43444","src_asn_hosting_","Fast Servers (Pty) Ltd",""
"43541","src_asn_hosting_","VSHosting s.r.o.",""
"43578","src_asn_hosting_","bitNAP Datacenter",""
"43588","src_asn_hosting_","iHost",""
"43641","src_asn_hosting_","SOLLUTIUM EU Sp z.o.o.",""
"43647","src_asn_hosting_","SERVERCORE CIS LLC",""
"43896","src_asn_hosting_","EVO CLOUD",""
"44051","src_asn_hosting_","Fornex Hosting - Germany",""
"44066","src_asn_hosting_","firstcolo",""
"44094","src_asn_hosting_","Webhost LLC",""
"44144","src_asn_hosting_","HostRoyale Technologies Pvt Ltd",""
"44222","src_asn_hosting_","CLOUDITY Network",""
"44382","src_asn_hosting_","FibaCloud",""
"44444","src_asn_hosting_","Forcepoint Cloud",""
"44476","src_asn_hosting_","ZETTA HOSTING SOLUTIONS LLC.",""
"44477","src_asn_hosting_","PQ Hosting",""
"44559","src_asn_hosting_","IT HOSTLINE LTD",""
"44592","src_asn_hosting_","SkyLink Data Center",""
"44716","src_asn_hosting_","d-hosting",""
"44788","src_asn_hosting_","Criteo Europe",""
"44812","src_asn_hosting_","IP SERVER LLC",""
"44820","src_asn_hosting_","Denis Pavlovich Semenyuk",""
"44901","src_asn_hosting_","BelCloud Ltd.",""
"45090","src_asn_hosting_","Tencent-CN",""
"45102","src_asn_hosting_","Alibaba",""
"45179","src_asn_hosting_","SiteHost",""
"45187","src_asn_hosting_","Rackspace Hong Kong",""
"45352","src_asn_hosting_","IP ServerOne Solutions",""
"45382","src_asn_hosting_","EhostICT",""
"45671","src_asn_hosting_","Servers Australia AS45671",""
"45753","src_asn_hosting_","Simcentric Solutions Limited",""
"45903","src_asn_hosting_","CMC Telecom",""
"45974","src_asn_hosting_","NHN Cloud",""
"46015","src_asn_hosting_","Exabytes Network Malaysia",""
"46261","src_asn_hosting_","QuickPacket",""
"46475","src_asn_hosting_","Limestone Networks",""
"46505","src_asn_hosting_","NixiHost",""
"46516","src_asn_hosting_","HostRoyale LLC",""
"46562","src_asn_hosting_","Performive",""
"46573","src_asn_hosting_","LayerHost",""
"46606","src_asn_hosting_","Endurance International Group Inc",""
"46652","src_asn_hosting_","ServerStack",""
"46785","src_asn_hosting_","QUASAR DATA CENTER LTD.",""
"46829","src_asn_hosting_","LAMHOSTING",""
"46844","src_asn_hosting_","Sharktech",""
"46918","src_asn_hosting_","GLOBALHOSTINGSOLUTIONS INC",""
"47172","src_asn_hosting_","Greenhost",""
"47242","src_asn_hosting_","Host.it S.p.A.",""
"47263","src_asn_hosting_","CUBEHOSTING1",""
"47272","src_asn_hosting_","HYEHOST",""
"47376","src_asn_hosting_","WGB-LLC",""
"47381","src_asn_hosting_","Servergarden",""
"47516","src_asn_hosting_","DEHOST INTERNET VE BILISIM TEKNOLOJILERI SANAYI TICARET LIMITED SIRKETI",""
"47521","src_asn_hosting_","IpHost P.C.",""
"47544","src_asn_hosting_","IQ PL",""
"47583","src_asn_hosting_","Hostinger International",""
"47585","src_asn_hosting_","Yigit Hosting Bilisim E-Ticaret Gida Sanayi Ticaret Limited Sirketi",""
"47600","src_asn_hosting_","RUBIX DATACENTER",""
"47815","src_asn_hosting_","Server-Ware GmbH",""
"47890","src_asn_hosting_","UNMANAGED LTD",""
"48014","src_asn_hosting_","Albanian Hosting SH.P.K.",""
"48018","src_asn_hosting_","Fornex Hositing - Russia",""
"48031","src_asn_hosting_","XServer !",""
"48070","src_asn_hosting_","MyHostingSpace",""
"48090","src_asn_hosting_","TECHOFF SRV LIMITED",""
"48096","src_asn_hosting_","Enterprise Cloud Ltd.",""
"48282","src_asn_hosting_","Hosting technology LTD",""
"48693","src_asn_hosting_","Rices Privately owned enterprise",""
"48721","src_asn_hosting_","Flyservers S.A.",""
"48753","src_asn_hosting_","AVA HOST SRL",""
"48874","src_asn_hosting_","HOSTMAZE",""
"48894","src_asn_hosting_","Optimus IT d.o.o.",""
"48896","src_asn_hosting_","dhosting.pl Sp. z o.o.",""
"48988","src_asn_hosting_","Modern Server Solutions LLP",""
"49232","src_asn_hosting_","Rackfish AB",""
"49434","src_asn_hosting_","FBW Networks",""
"49453","src_asn_hosting_","Global Layer BV",""
"49493","src_asn_hosting_","GIGAS HOSTING S.A.",""
"49505","src_asn_hosting_","Selectel Ltd.",""
"49515","src_asn_hosting_","Nordiska Servercentralen",""
"49532","src_asn_hosting_","Eonix E.U. Region",""
"49544","src_asn_hosting_","i3D.net",""
"49581","src_asn_hosting_","Tube-Hosting",""
"49635","src_asn_hosting_","CLOUDING",""
"49693","src_asn_hosting_","Best-Hoster Group Co. Ltd.",""
"49720","src_asn_hosting_","Gigacloud",""
"49791","src_asn_hosting_","3HCLOUD",""
"49815","src_asn_hosting_","Host2 LTD",""
"49870","src_asn_hosting_","Alsycon AS49870",""
"50131","src_asn_hosting_","Spartan Host Ltd",""
"50166","src_asn_hosting_","RTCloud LLC",""
"50245","src_asn_hosting_","Serverel Inc.",""
"50321","src_asn_hosting_","BYTES",""
"50338","src_asn_hosting_","GamerHost s.r.o.",""
"50340","src_asn_hosting_","Selectel MSK",""
"50463","src_asn_hosting_","Triple C Cloud Computing",""
"50599","src_asn_hosting_","DATASPACE-PL",""
"50613","src_asn_hosting_","Advania Hosting",""
"50673","src_asn_hosting_","Serverius",""
"50719","src_asn_hosting_","XINON",""
"50837","src_asn_hosting_","CloudSigma",""
"50867","src_asn_hosting_","HOSTKEY",""
"50926","src_asn_hosting_","Axarnet Comunicaciones S.L.",""
"51013","src_asn_hosting_","Websupport",""
"51026","src_asn_hosting_","MobinhostInfrastructure",""
"51115","src_asn_hosting_","HLL LLC",""
"51159","src_asn_hosting_","Think Systems UK Ltd",""
"51167","src_asn_hosting_","Contabo",""
"51247","src_asn_hosting_","serveriotechnologijos-AS",""
"51248","src_asn_hosting_","Host-Telecom.com",""
"51264","src_asn_hosting_","eVPS",""
"51265","src_asn_hosting_","Mass Response / spusu",""
"51290","src_asn_hosting_","HosTeam",""
"51395","src_asn_hosting_","SOFTplus Entwicklungen",""
"51396","src_asn_hosting_","Pfcloud UG",""
"51430","src_asn_hosting_","AltusHost",""
"51468","src_asn_hosting_","One.com",""
"51713","src_asn_hosting_","hosting.com LON1",""
"51765","src_asn_hosting_","CreaNova Datacenter",""
"51783","src_asn_hosting_","The Center of Dedicated Servers LLC",""
"51852","src_asn_hosting_","Phase Layer Global Networks",""
"52000","src_asn_hosting_","MIRhosting",""
"52030","src_asn_hosting_","Server Plan",""
"52048","src_asn_hosting_","SIA RixHost",""
"52053","src_asn_hosting_","REDHEBERG SAS",""
"52063","src_asn_hosting_","TTP Cloud Group Ltd",""
"52236","src_asn_hosting_","G2K Hosting - Datacenter",""
"52270","src_asn_hosting_","ELSERVER S.R.L",""
"52284","src_asn_hosting_","Panamaserver.com",""
"52335","src_asn_hosting_","Colombia Hosting",""
"52423","src_asn_hosting_","Data Miners",""
"52469","src_asn_hosting_","Offshore Racks S.A",""
"52674","src_asn_hosting_","NeoGrid Datacenter",""
"52925","src_asn_hosting_","Ascenty DataCenters e Telecom",""
"53055","src_asn_hosting_","DIMENOC SERVICOS DE INFORMATICA",""
"53057","src_asn_hosting_","RedeHost Internet",""
"53221","src_asn_hosting_","ENGETRONICS Internet Datacenter",""
"53231","src_asn_hosting_","Grupo Host LTDA",""
"53356","src_asn_hosting_","Free Range Cloud Hosting Inc",""
"53587","src_asn_hosting_","CloudDDoS Technology Co. Limited",""
"53589","src_asn_hosting_","PlanetHoster",""
"53667","src_asn_hosting_","FranTech Solutions",""
"53766","src_asn_hosting_","Arista SD-WAN",""
"53850","src_asn_hosting_","GorillaServers",""
"54113","src_asn_hosting_","Fastly Inc.",""
"54142","src_asn_hosting_","White Cloud Communications US LLC",""
"54155","src_asn_hosting_","Green Cloud TechnologiesLLC",""
"54163","src_asn_hosting_","AHOSTING",""
"54290","src_asn_hosting_","Hostwinds",""
"54527","src_asn_hosting_","Astute Hosting",""
"54538","src_asn_hosting_","PAN0001",""
"54548","src_asn_hosting_","ProfitBricks USA",""
"54555","src_asn_hosting_","Host Duplex LLC",""
"54574","src_asn_hosting_","DMIT Cloud Infrastructure Service",""
"54641","src_asn_hosting_","InMotion Hosting (IAD)",""
"54723","src_asn_hosting_","Midwest Data Center Inc.",""
"54994","src_asn_hosting_","meteversecloud",""
"55154","src_asn_hosting_","Madgenius.com",""
"55195","src_asn_hosting_","CIRA-CLOUD1",""
"55264","src_asn_hosting_","Atlantic Metro (Sabey IGX)",""
"55286","src_asn_hosting_","ServerMania Inc",""
"55293","src_asn_hosting_","A2 Hosting Inc.",""
"55359","src_asn_hosting_","Fluccs Australia Australian Cloud Provider",""
"55688","src_asn_hosting_","Beon Intermedia",""
"55933","src_asn_hosting_","Cloudie",""
"55960","src_asn_hosting_","BJ-GUANGHUAN-AP",""
"55990","src_asn_hosting_","Huawei Cloud(China)",""
"56005","src_asn_hosting_","Zhengzhou Fastidc Technology Co.Ltd.",""
"56038","src_asn_hosting_","RackCorp",""
"56067","src_asn_hosting_","Metrabyte DataCenter Co.Ltd",""
"56150","src_asn_hosting_","Viet Solutions Services Trading Company Limited",""
"56153","src_asn_hosting_","Digital Storage Company",""
"56301","src_asn_hosting_","National Data Center",""
"56309","src_asn_hosting_","ReadyIDC",""
"56322","src_asn_hosting_","ServerAstra",""
"56382","src_asn_hosting_","vServer.site",""
"56410","src_asn_hosting_","Host Ireland",""
"56485","src_asn_hosting_","TheHost",""
"56504","src_asn_hosting_","HostCircle AS56504",""
"56655","src_asn_hosting_","Gigahost AS",""
"56864","src_asn_hosting_","WellServer",""
"56898","src_asn_hosting_","Private Host BV | Network",""
"56971","src_asn_hosting_","CGI GLOBAL LIMITED",""
"56987","src_asn_hosting_","Abaclouda",""
"57025","src_asn_hosting_","MonoCloud Pty Ltd",""
"57043","src_asn_hosting_","HOSTKEY B.V.",""
"57118","src_asn_hosting_","CommunityRack.org",""
"57494","src_asn_hosting_","Adman.com",""
"57568","src_asn_hosting_","ARVANCLOUD GLOBAL TECHNOLOGIES L.L.C",""
"57578","src_asn_hosting_","Misaka Network Inc. (CIS)",""
"57619","src_asn_hosting_","Varna Data Center EOOD",""
"57624","src_asn_hosting_","Beeks NY",""
"57752","src_asn_hosting_","NORMHOST",""
"57814","src_asn_hosting_","Cloud9",""
"57844","src_asn_hosting_","SPDNet Telekomunikasyon",""
"57852","src_asn_hosting_","CLOUD S P SARL",""
"57858","src_asn_hosting_","Angelnet Limited",""
"57907","src_asn_hosting_","CloudConnX",""
"57913","src_asn_hosting_","ToscanaTLC",""
"58065","src_asn_hosting_","Packet Exchange",""
"58087","src_asn_hosting_","Florian Kolb",""
"58269","src_asn_hosting_","CloudHosting",""
"58294","src_asn_hosting_","Cloud Wall Ltd.",""
"58329","src_asn_hosting_","rackplace",""
"58381","src_asn_hosting_","Wowrack Indonesia",""
"58461","src_asn_hosting_","CT-HangZhou-IDC",""
"58466","src_asn_hosting_","CHINANET Guangdong province network",""
"58477","src_asn_hosting_","Argon Data Communication",""
"58519","src_asn_hosting_","Cloud Computing Corporation",""
"58542","src_asn_hosting_","Tianjij300000",""
"58589","src_asn_hosting_","Cloud Earth",""
"58593","src_asn_hosting_","Shanghai Blue Cloud Technology Co.Ltd",""
"58683","src_asn_hosting_","Rackspace Sydney",""
"58854","src_asn_hosting_","Kaopu Cloud",""
"58923","src_asn_hosting_","InterCloud BD",""
"58940","src_asn_hosting_","Dedicated Servers Australia",""
"59019","src_asn_hosting_","Beijing Kingsoft Cloud Internet Technology",""
"59187","src_asn_hosting_","NEEVCLOUD.COM",""
"59211","src_asn_hosting_","OneAsiaHost",""
"59253","src_asn_hosting_","Leaseweb Singapore",""
"59441","src_asn_hosting_","Hostiran DC Network",""
"59642","src_asn_hosting_","Cherry Servers NL",""
"59684","src_asn_hosting_","Hoster kg Ltd.",""
"59711","src_asn_hosting_","HZ-NL",""
"59851","src_asn_hosting_","SiteGround Hosting EOOD",""
"59895","src_asn_hosting_","Binary Racks",""
"60064","src_asn_hosting_","HostPalace (Global)",""
"60068","src_asn_hosting_","CDN77",""
"60117","src_asn_hosting_","Host Sailor Ltd",""
"60223","src_asn_hosting_","Netiface",""
"60253","src_asn_hosting_","Host Europe GmbH",""
"60404","src_asn_hosting_","LiteServer",""
"60439","src_asn_hosting_","SERVERNET INTERNET LIMITED",""
"60446","src_asn_hosting_","Datacasa Datacenter - Istanbul / Turkey",""
"60567","src_asn_hosting_","SIA RixHost",""
"60602","src_asn_hosting_","Inovare-Prim",""
"60647","src_asn_hosting_","MERT TURKOGLU trading as DATAHOST INTERNET VE BILISIM TEKNOLOJILERI",""
"60721","src_asn_hosting_","Bursabil Teknoloji",""
"60729","src_asn_hosting_","Zwiebelfreunde",""
"60781","src_asn_hosting_","LeaseWeb Netherlands / AMS-01",""
"60798","src_asn_hosting_","Servereasy Srl",""
"60991","src_asn_hosting_","DC:MAIN GmbH",""
"61098","src_asn_hosting_","Akenes SA",""
"61102","src_asn_hosting_","Interhost Networks",""
"61106","src_asn_hosting_","PS Cloud Services LLC",""
"61111","src_asn_hosting_","RTCloud LLC",""
"61112","src_asn_hosting_","AKILE",""
"61138","src_asn_hosting_","Zappie Host",""
"61157","src_asn_hosting_","Plusserver GmbH",""
"61207","src_asn_hosting_","Hostek AB",""
"61251","src_asn_hosting_","Host4Biz sp. z o.o.",""
"61272","src_asn_hosting_","Informacines sistemos ir technologijos UAB",""
"61317","src_asn_hosting_","Hivelocity Inc. fka Digital Energy Technologies Limited (Global)",""
"61365","src_asn_hosting_","Global Cloud Ltd",""
"61400","src_asn_hosting_","NETRACK",""
"61424","src_asn_hosting_","eServer s.r.o.",""
"61493","src_asn_hosting_","InterBS S.R.L. (BAEHOST)",""
"62000","src_asn_hosting_","SERVERD",""
"62005","src_asn_hosting_","BlueVPS",""
"62082","src_asn_hosting_","Hostland LTD",""
"62097","src_asn_hosting_","Broadband Hosting B.V.",""
"62160","src_asn_hosting_","YESHOST-AS",""
"62164","src_asn_hosting_","Heymman Servers",""
"62214","src_asn_hosting_","RackForest",""
"62227","src_asn_hosting_","CLOUDHELIX",""
"62240","src_asn_hosting_","Clouvider",""
"62282","src_asn_hosting_","RACKRAY",""
"62371","src_asn_hosting_","Proton AG",""
"62390","src_asn_hosting_","NEXONHOST",""
"62560","src_asn_hosting_","Hosted America",""
"62563","src_asn_hosting_","GTHost Canada",""
"62633","src_asn_hosting_","HostRush",""
"62713","src_asn_hosting_","PubMatic",""
"62731","src_asn_hosting_","247rack.com",""
"62744","src_asn_hosting_","Quintex Alliance Consulting",""
"62838","src_asn_hosting_","Reprise Hosting",""
"62904","src_asn_hosting_","Eonix N.A. Region",""
"63023","src_asn_hosting_","GTHost",""
"63150","src_asn_hosting_","BAGE",""
"63199","src_asn_hosting_","CDS Global Cloud Co. LTD",""
"63252","src_asn_hosting_","H5 Data Centers Chandler",""
"63473","src_asn_hosting_","HostHatch",""
"63631","src_asn_hosting_","Cloudbase",""
"63737","src_asn_hosting_","VIETSERVER SERVICES TECHNOLOGY COMPANY LIMITED",""
"63765","src_asn_hosting_","HOSTVN-VN",""
"63949","src_asn_hosting_","Linode AS63949",""
"63959","src_asn_hosting_","Hong Kong Syscloud Technology",""
"64010","src_asn_hosting_","BasicBrix",""
"64111","src_asn_hosting_","INFORMATICA BLUEHOSTING LIMITADA",""
"64200","src_asn_hosting_","Vivid-Hosting LLC",""
"64236","src_asn_hosting_","UnReal Servers",""
"64425","src_asn_hosting_","SKB-Enterprise",""
"64439","src_asn_hosting_","RocketCloud.ru",""
"64457","src_asn_hosting_","Matteo Fruhwald trading as PipeHost e.U.",""
"131149","src_asn_hosting_","Yuan-Jhen Info",""
"131199","src_asn_hosting_","Nexeon Technologies Inc.",""
"131256","src_asn_hosting_","MGRM DIGITAL CLOUD SERVICES PRIVATE LIMITED",""
"131303","src_asn_hosting_","First Cagayan Converge Data Center Inc",""
"131353","src_asn_hosting_","NhanHoa Software company",""
"131378","src_asn_hosting_","Cloud Viet Technology Company Limited",""
"131628","src_asn_hosting_","Tai-Fu Cloud Co. Ltd.",""
"131642","src_asn_hosting_","Pittqiao Network Information Co.",""
"131921","src_asn_hosting_","GMO CLOUD",""
"131965","src_asn_hosting_","XSERVER",""
"132083","src_asn_hosting_","FOUNDATION CLOUD SERVICES LIMITED",""
"132139","src_asn_hosting_","VECLOUD LIMITED",""
"132203","src_asn_hosting_","Tencent Global",""
"132280","src_asn_hosting_","SYMPHONY THAI - Internet Services",""
"132300","src_asn_hosting_","NIPA Cloud Space",""
"132717","src_asn_hosting_","NxtGen Datacenter & Cloud Technologies Pvt. Ltd.",""
"132779","src_asn_hosting_","RackBank",""
"132813","src_asn_hosting_","HK AISI CLOUD COMPUTING LIMITED",""
"132839","src_asn_hosting_","POWER LINE DATACENTER",""
"132892","src_asn_hosting_","Cloudflare Inc.",""
"133070","src_asn_hosting_","EBN HOST LIMITED",""
"133118","src_asn_hosting_","China Unicom IP network",""
"133120","src_asn_hosting_","Hosted Network",""
"133180","src_asn_hosting_","Starbow Ltd.",""
"133199","src_asn_hosting_","SonderCloud Limited",""
"133296","src_asn_hosting_","Web Werks DataCenter",""
"133380","src_asn_hosting_","Layerstack",""
"133398","src_asn_hosting_","Tele Asia",""
"133499","src_asn_hosting_","HostRoyale Technologies Pvt Ltd",""
"133643","src_asn_hosting_","BASIS Technologies",""
"133752","src_asn_hosting_","Leaseweb Hong Kong",""
"133774","src_asn_hosting_","Fuzhou",""
"133848","src_asn_hosting_","Internet Datacenter Network",""
"133861","src_asn_hosting_","SonderCloud Limited",""
"133993","src_asn_hosting_","Digital Cloud Technologies",""
"134166","src_asn_hosting_","Internet Data Center Service",""
"134176","src_asn_hosting_","Rainbow network",""
"134340","src_asn_hosting_","Cloudsky Superfast Broadband & Services",""
"134351","src_asn_hosting_","Leaseweb Japan",""
"134366","src_asn_hosting_","Yunify Technologies (HK) Limited",""
"134450","src_asn_hosting_","HostRoyale Technologies Pvt Ltd",""
"134494","src_asn_hosting_","",""
"134737","src_asn_hosting_","Net-Cloud Telecom Private Limited",""
"134768","src_asn_hosting_","CHINANET SHAANXI province Cloud Base network",""
"134823","src_asn_hosting_","Sky Digital Co.",""
"134824","src_asn_hosting_","Host Your Infrastructure ( Pvt) Ltd",""
"134926","src_asn_hosting_","Micro Hosting Private Limited",""
"134963","src_asn_hosting_","Alibaba Cloud (Singapore) Private Limited",""
"135133","src_asn_hosting_","Pi Datacenters",""
"135161","src_asn_hosting_","GMO Thailand",""
"135207","src_asn_hosting_","Cloudnet Communications",""
"135356","src_asn_hosting_","CNCARENETWORK",""
"135373","src_asn_hosting_","EFLY NETWORK LIMITED",""
"135375","src_asn_hosting_","Today Communication",""
"135377","src_asn_hosting_","UCloud Information Technology (HK) Limited",""
"135381","src_asn_hosting_","SiS Distribution (Thailand) Public Company Limited descr: (@Genesis Data Center)",""
"135392","src_asn_hosting_","MillenialHost Limited",""
"135402","src_asn_hosting_","Flamehosting",""
"135437","src_asn_hosting_","HostSG",""
"135450","src_asn_hosting_","Berkah Solusi Teknologi Informasi",""
"135542","src_asn_hosting_","LIGHT CLOUD SDN. BHD.",""
"135566","src_asn_hosting_","Thailand Government Data Center and Cloud service (TGDCC)",""
"135629","src_asn_hosting_","Ningxia West Cloud Data Technology Co.Ltd.",""
"135636","src_asn_hosting_","RackH Lintas Asia AS135636",""
"135659","src_asn_hosting_","Detroit Network Indonesia",""
"135682","src_asn_hosting_","Advika Web Developments Hosting Pvt Ltd",""
"135685","src_asn_hosting_","Deserver Hosting Hub Private Limited",""
"135691","src_asn_hosting_","cloudlasers broadband",""
"135765","src_asn_hosting_","XConnect Data Centers",""
"135813","src_asn_hosting_","Cirrostratus Networks",""
"135822","src_asn_hosting_","Ovi Hosting Pvt Ltd",""
"135905","src_asn_hosting_","VIETNAM POSTS AND TELECOMMUNICATIONS GROUP",""
"135918","src_asn_hosting_","VIET DIGITAL TECHNOLOGY LIABILITY COMPANY",""
"135920","src_asn_hosting_","Ehost software company limited",""
"135921","src_asn_hosting_","Maxserver Company Limited",""
"135932","src_asn_hosting_","Viet Storage Technology Joint Stock Company",""
"136052","src_asn_hosting_","IDCloudHost",""
"136170","src_asn_hosting_","PT. EXABYTES NETWORK INDONESIA",""
"136171","src_asn_hosting_","Medha Hosting",""
"136258","src_asn_hosting_","ONEPROVIDER",""
"136510","src_asn_hosting_","Streamline Servers Pty Ltd",""
"136557","src_asn_hosting_","Host Universal",""
"136565","src_asn_hosting_","CyberWorld",""
"136787","src_asn_hosting_","PacketHub S.A.",""
"136897","src_asn_hosting_","Enjoyvc Cloud Group",""
"136907","src_asn_hosting_","Huawei Cloud Global",""
"136970","src_asn_hosting_","YISU CLOUD LTD",""
"136988","src_asn_hosting_","Leaseweb Australia",""
"136993","src_asn_hosting_","CVTL",""
"137035","src_asn_hosting_","Parallel Web Cloud Services",""
"137280","src_asn_hosting_","Kingsoft Cloud",""
"137331","src_asn_hosting_","Cloud Teknologi Nusantara",""
"137409","src_asn_hosting_","Global Secure Layer",""
"137517","src_asn_hosting_","FLAMEHOSTING INC",""
"137643","src_asn_hosting_","MANAGE SERVER",""
"137816","src_asn_hosting_","Cloud Net Technologies",""
"137823","src_asn_hosting_","Technocore Bangladesh",""
"138074","src_asn_hosting_","WowNET",""
"138152","src_asn_hosting_","YISU CLOUD LTD",""
"138195","src_asn_hosting_","MOACK",""
"138244","src_asn_hosting_","HOSTZOP-AS-IN",""
"138362","src_asn_hosting_","PLEXUS CLOUD",""
"138407","src_asn_hosting_","The Internet Data Center of Guizhou Mobile Communication Company Limited",""
"138545","src_asn_hosting_","Zero Cirrus Cloud Computing (Shanghai) Co. Ltd.",""
"138608","src_asn_hosting_","Cloud Host Asia",""
"138915","src_asn_hosting_","Kaopu Cloud HK",""
"138997","src_asn_hosting_","Eons Data",""
"139016","src_asn_hosting_","ExonHost",""
"139080","src_asn_hosting_","The Internet Data Center of Sichuan Mobile Communication Company Limited",""
"139136","src_asn_hosting_","NNIX Route Servers",""
"139220","src_asn_hosting_","Sichuan Chuanxn IDC",""
"139341","src_asn_hosting_","ACE CDN",""
"139580","src_asn_hosting_","RIMUHOSTING-AS-AP",""
"139659","src_asn_hosting_","LUCIDACLOUD",""
"139923","src_asn_hosting_","ABCCLOUD SDN.BHD.",""
"140227","src_asn_hosting_","Hong Kong Communications International Co.",""
"140292","src_asn_hosting_","CHINATELECOM Jiangsu province Suzhou 5G network",""
"140389","src_asn_hosting_","Dewa Bisnis Digital",""
"140403","src_asn_hosting_","PT. Graha Fatta",""
"140443","src_asn_hosting_","Herza Cloud",""
"140791","src_asn_hosting_","BKHOST TECHNOLOGY VIETNAM JOINT STOCK COMPANY",""
"140815","src_asn_hosting_","HTTVSERVER TECHNOLOGY COMPANY LIMITED",""
"140941","src_asn_hosting_","Full Time Hosting",""
"140947","src_asn_hosting_","SnTHostings",""
"141004","src_asn_hosting_","QTIME BUSINESSES",""
"141039","src_asn_hosting_","PacketHub AS141039",""
"141201","src_asn_hosting_","Jabatan Digital Negara (JDN)",""
"141294","src_asn_hosting_","M21 Data Center",""
"141892","src_asn_hosting_","CV Andhika Pratama Sanggoro",""
"141947","src_asn_hosting_","Loveika Host Nusantara",""
"141968","src_asn_hosting_","Industri Kreatif Digital",""
"141995","src_asn_hosting_","Contabo Asia",""
"142002","src_asn_hosting_","Scloud Pte Ltd",""
"142036","src_asn_hosting_","Hosteons Pte. Ltd.",""
"142113","src_asn_hosting_","eServer",""
"142267","src_asn_hosting_","Hong Kong Beecloud System Technology Services Limited",""
"142299","src_asn_hosting_","CLOUDFOREST CO.LTD.",""
"142403","src_asn_hosting_","YISU CLOUD LTD",""
"146943","src_asn_hosting_","TIER4CLOU-AS",""
"147049","src_asn_hosting_","PacketHub AS147049",""
"147186","src_asn_hosting_","VCCL Cloud Private Limited",""
"147237","src_asn_hosting_","CLOUDMINISTER TECHNOLOGIES PRIVATE LIMITED",""
"148974","src_asn_hosting_","Geeky Cloud",""
"148981","src_asn_hosting_","China Telecom",""
"148993","src_asn_hosting_","Diana Host Ltd",""
"149042","src_asn_hosting_","SiliCloud",""
"149089","src_asn_hosting_","CLOUDFLY CORPORATION",""
"149118","src_asn_hosting_","3S Viet Nam Technology Joint Stock Company",""
"149130","src_asn_hosting_","TEKNIX CLOUD TECHNOLOGY INFRASTRUCTURE JOINT STOCK COMPANY",""
"149364","src_asn_hosting_","PT. AwanBit Data Indonesia",""
"149391","src_asn_hosting_","NevaCloud",""
"149457","src_asn_hosting_","Angel cloud Limited",""
"149485","src_asn_hosting_","MonoCloud",""
"149573","src_asn_hosting_","SERVERWALA CLOUD DATACENTERS PRIVATE LIMITED",""
"149600","src_asn_hosting_","NIXI-CSC Data center",""
"149621","src_asn_hosting_","SB Secure Data centers India Private Limited",""
"149641","src_asn_hosting_","XCLOUD TECHNOLOGY LIMITED",""
"149662","src_asn_hosting_","IDNIC-HOSTNETGLOBAL-AS-ID",""
"149705","src_asn_hosting_","PT Wijaya Trimitra Indonesia",""
"150024","src_asn_hosting_","Key Stones Cloud Tech Private Limited",""
"150315","src_asn_hosting_","Virtury Cloud Pakistan",""
"150393","src_asn_hosting_","LAYER WEBHOST (PVT.) LIMITED",""
"150407","src_asn_hosting_","Coninet Communication Service Co. Ltd.",""
"150623","src_asn_hosting_","HOSTPAT-AS-IN",""
"150694","src_asn_hosting_","DEVPETER DATACENTER PRIVATE LIMITED",""
"150828","src_asn_hosting_","VMON CLOUD COMPANY LIMITED",""
"150862","src_asn_hosting_","VPSTTT COMPUTER COMPANY LIMITED",""
"150872","src_asn_hosting_","TECHCLOUD SOLUTION JOINT STOCK COMPANY",""
"150896","src_asn_hosting_","HUNGCLOUD COMPANY LIMITED",""
"151106","src_asn_hosting_","HostyCare",""
"151206","src_asn_hosting_","HK CLOUD DATA CO. LIMITED",""
"151335","src_asn_hosting_","Intensy Cloud Services Pvt Ltd",""
"151368","src_asn_hosting_","GOTMYHOST",""
"151474","src_asn_hosting_","Cloud online",""
"151487","src_asn_hosting_","Awesomecloud Limited",""
"151592","src_asn_hosting_","PT Awan Data Teknologi",""
"151612","src_asn_hosting_","HOSTPERL",""
"151704","src_asn_hosting_","Bharat Datacenter",""
"151817","src_asn_hosting_","Zappie Host AS151817",""
"151873","src_asn_hosting_","TOTHOST SOLUTIONS AND TECHNOLOGIES COMPANY LIMITED",""
"151938","src_asn_hosting_","CLOUDY One Member LLC",""
"152129","src_asn_hosting_","AHPK TECHNOLOGIES PRIVATE LIMITED",""
"152194","src_asn_hosting_","CTG Server Limited",""
"152320","src_asn_hosting_","Goalnow Network Technology",""
"152339","src_asn_hosting_","ECPL-AS-AP",""
"152390","src_asn_hosting_","PT Intercloud Digital Inovasi",""
"152485","src_asn_hosting_","Hosterdaddy Private Limited",""
"152705","src_asn_hosting_","Gcc Cloud Technology Limited",""
"152933","src_asn_hosting_","ZONECLOUD TECHNOLOGY JOINT STOCK COMPANY",""
"152945","src_asn_hosting_","DAINTY CLOUD INC",""
"153221","src_asn_hosting_","VIKALP-AS-IN",""
"153367","src_asn_hosting_","XENAX CLOUD INDIA PRIVATE LIMITE",""
"153393","src_asn_hosting_","RACKVOLT CLOUD SOLUTIONS PRIVATE LIMITED",""
"153416","src_asn_hosting_","Hoang Dieu Cloud Computing Company Limited",""
"153517","src_asn_hosting_","JLTL-AS-AP",""
"153523","src_asn_hosting_","Ummah Host BD",""
"153531","src_asn_hosting_","DATAGEEKS CLOUD IP TECHNOLOGY PRIVATE LIMITED",""
"153787","src_asn_hosting_","S2N-AS-TH",""
"153996","src_asn_hosting_","VP InfoTech Co. Ltd. (VisperHost)",""
"196645","src_asn_hosting_","HOSTPRO LAB LLC",""
"197071","src_asn_hosting_","active-servers.com",""
"197226","src_asn_hosting_","Sprint Data Center",""
"197352","src_asn_hosting_","Tinext SA",""
"197414","src_asn_hosting_","XHOST INTERNET SOLUTIONS LP",""
"197450","src_asn_hosting_","SUNUCUN",""
"197477","src_asn_hosting_","Nerdscave Moritz Mantel",""
"197537","src_asn_hosting_","WISDOM CLOUD",""
"197540","src_asn_hosting_","netcup GmbH",""
"197549","src_asn_hosting_","GHOSTnet GmbH",""
"197648","src_asn_hosting_","CLOUDLAYER8 LIMITED",""
"197649","src_asn_hosting_","ServersGame.es",""
"197715","src_asn_hosting_","Serverbike",""
"197726","src_asn_hosting_","Ukrainian Internet Names Center",""
"197795","src_asn_hosting_","ColdHosting",""
"197902","src_asn_hosting_","Hostnet",""
"197922","src_asn_hosting_","Techcrea Solutions",""
"198089","src_asn_hosting_","IP Visie Networking",""
"198093","src_asn_hosting_","DFRI",""
"198167","src_asn_hosting_","Apptocloud.com",""
"198432","src_asn_hosting_","Ipcore Datacenters S.L",""
"198584","src_asn_hosting_","PIO-Hosting GmbH",""
"198605","src_asn_hosting_","AVAST Software s.r.o.",""
"198651","src_asn_hosting_","HOSTLINE",""
"198831","src_asn_hosting_","Holycloud",""
"198953","src_asn_hosting_","Proton66 OOO",""
"198968","src_asn_hosting_","CYBERNETICOS",""
"198983","src_asn_hosting_","TornadoDatacenter",""
"198985","src_asn_hosting_","Aquilenet",""
"198990","src_asn_hosting_","Pine Hosting",""
"199152","src_asn_hosting_","Virtual Data Center Inc",""
"199205","src_asn_hosting_","Huemer Data Center GmbH",""
"199218","src_asn_hosting_","Proton AG",""
"199274","src_asn_hosting_","Serveroid LLC",""
"199404","src_asn_hosting_","hosting.com BOM1",""
"199414","src_asn_hosting_","NeoProtect",""
"199415","src_asn_hosting_","YORKHOST",""
"199524","src_asn_hosting_","Gcore",""
"199660","src_asn_hosting_","Cloudata",""
"199695","src_asn_hosting_","AnymHost",""
"199727","src_asn_hosting_","ASTEN CLOUD SAS",""
"199785","src_asn_hosting_","Cloud Hosting Solutions",""
"199883","src_asn_hosting_","ArubaCloud Limited",""
"199959","src_asn_hosting_","GWY IT PTY LTD",""
"200000","src_asn_hosting_","Hosting Ukraine",""
"200019","src_asn_hosting_","AlexHost",""
"200044","src_asn_hosting_","Stack Telecom",""
"200052","src_asn_hosting_","Feral Hosting",""
"200088","src_asn_hosting_","ARTNET2",""
"200136","src_asn_hosting_","Association LibraHost",""
"200147","src_asn_hosting_","Hosting Techniques",""
"200185","src_asn_hosting_","Aruba Cloud DE",""
"200187","src_asn_hosting_","cloudKleyer Frankfurt",""
"200195","src_asn_hosting_","Verasel Inc.",""
"200223","src_asn_hosting_","Lars Jannick Volkers trading as Etheron Hosting",""
"200239","src_asn_hosting_","BOGAHOST",""
"200350","src_asn_hosting_","Yandex Cloud",""
"200373","src_asn_hosting_","3xK Tech",""
"200385","src_asn_hosting_","KORP YAZILIM VE BILGI TEKNOLOJILERI",""
"200435","src_asn_hosting_","Titan Datacenters France",""
"200525","src_asn_hosting_","Hosting Ukraine LTD",""
"200547","src_asn_hosting_","MTK S.R.L.",""
"200628","src_asn_hosting_","BGO Cloud OOD",""
"200636","src_asn_hosting_","Hypere",""
"200651","src_asn_hosting_","FlokiNET",""
"200698","src_asn_hosting_","Globalhost d.o.o.",""
"200719","src_asn_hosting_","Miss Hosting AB",""
"200740","src_asn_hosting_","FIRST SERVER LIMITED",""
"200858","src_asn_hosting_","RACKONE",""
"200904","src_asn_hosting_","FOXCLOUD LLP",""
"200960","src_asn_hosting_","Soluciones web on line",""
"200979","src_asn_hosting_","Hosting eXperts Switzerland AG",""
"200999","src_asn_hosting_","CloudFerro S.A",""
"201079","src_asn_hosting_","GarantiServer Datacenter",""
"201086","src_asn_hosting_","SERVERPLUS",""
"201106","src_asn_hosting_","Spartan Host",""
"201200","src_asn_hosting_","SuperHosting.BG Ltd.",""
"201217","src_asn_hosting_","Radish Network",""
"201409","src_asn_hosting_","HOSTSHIELD LTD",""
"201446","src_asn_hosting_","Soluciones web on line AS201446",""
"201449","src_asn_hosting_","Digital Absolut Business - Servidor Virtualizacao Cluster Datacenters e Telecomunicacoes Lda",""
"201525","src_asn_hosting_","HZ-CA",""
"201579","src_asn_hosting_","HOSTGNOME LTD",""
"201670","src_asn_hosting_","Infotech-Grup SRL",""
"201702","src_asn_hosting_","skHosting.eu s.r.o.",""
"201814","src_asn_hosting_","Mevspace",""
"201949","src_asn_hosting_","Seed Technologies",""
"201962","src_asn_hosting_","RSM Freilassing Michael Rack",""
"201971","src_asn_hosting_","CreeperHost",""
"201983","src_asn_hosting_","Ansluten Hosting i Sverige",""
"201995","src_asn_hosting_","EFX Route Servers",""
"201999","src_asn_hosting_","Fanavari Serverpars Argham Gostar Company Ltd.",""
"202015","src_asn_hosting_","HZ-US",""
"202048","src_asn_hosting_","Cloud Teknoloji Bilisim Hizmetleri ve Ticaret A.S.",""
"202053","src_asn_hosting_","UpCloud",""
"202104","src_asn_hosting_","Server-plus LLC",""
"202293","src_asn_hosting_","D-Cloud",""
"202297","src_asn_hosting_","SkylonHost",""
"202306","src_asn_hosting_","HOSTGLOBAL.PLUS",""
"202364","src_asn_hosting_","Grid Hosting Limited",""
"202401","src_asn_hosting_","Webhosting24 GmbH",""
"202422","src_asn_hosting_","GHOST !",""
"202425","src_asn_hosting_","IP Volume",""
"202448","src_asn_hosting_","MVPS",""
"202602","src_asn_hosting_","GreenCloud",""
"202635","src_asn_hosting_","Server Farm LLC",""
"202656","src_asn_hosting_","XServerCloud",""
"202661","src_asn_hosting_","NetPlans Cloud",""
"202736","src_asn_hosting_","WISDOM",""
"202786","src_asn_hosting_","Bytesized Hosting B.V.",""
"202913","src_asn_hosting_","CLOUDWIFI SL",""
"202954","src_asn_hosting_","Rapiddot",""
"202958","src_asn_hosting_","Hoster.KZ - Almaty",""
"202984","src_asn_hosting_","Team Host",""
"203020","src_asn_hosting_","HostRoyale",""
"203050","src_asn_hosting_","Park Naukowo-Technologiczny w Opolu Sp. z o.o.",""
"203223","src_asn_hosting_","Unica Telecomunicazioni",""
"203329","src_asn_hosting_","NTT Global Data Centers",""
"203391","src_asn_hosting_","ClouDNS",""
"203446","src_asn_hosting_","SMARTNET LIMITED",""
"203476","src_asn_hosting_","Gandi Hosting and Services",""
"203557","src_asn_hosting_","SIA RixHost",""
"203758","src_asn_hosting_","EUGameHost",""
"203808","src_asn_hosting_","OOO ExCloud",""
"203999","src_asn_hosting_","Geekyworks IT Solutions Pvt Ltd",""
"204104","src_asn_hosting_","GITI-AS",""
"204108","src_asn_hosting_","S.U.E. DPR Republic Operator of Networks",""
"204154","src_asn_hosting_","FIRST SERVER LIMITED",""
"204196","src_asn_hosting_","AbeloHost B.V.",""
"204287","src_asn_hosting_","HostRoyale Technologies Pvt Ltd",""
"204300","src_asn_hosting_","D2CLOUD NETWORK SERVICES (PTY) LTD",""
"204415","src_asn_hosting_","NexGen Cloud Ltd",""
"204576","src_asn_hosting_","Servermall",""
"204641","src_asn_hosting_","HOSTGW SRL",""
"204770","src_asn_hosting_","Cherry Servers US",""
"204800","src_asn_hosting_","hosting.com SGP1",""
"204818","src_asn_hosting_","HOSTEUR",""
"204914","src_asn_hosting_","LABIXE",""
"204916","src_asn_hosting_","RACKTECH CO. LTD.",""
"204928","src_asn_hosting_","Bonsai Hosting ltd",""
"204932","src_asn_hosting_","George Sgouridis trading as Friktoria.com - Data Center Services.",""
"204997","src_asn_hosting_","FIRST SERVER LIMITED",""
"205007","src_asn_hosting_","Maxim Azarov trading as eServer",""
"205016","src_asn_hosting_","HERN Labs",""
"205021","src_asn_hosting_","Shiftek-Hosting",""
"205081","src_asn_hosting_","EasyDataHost",""
"205089","src_asn_hosting_","Alfahost LLC",""
"205090","src_asn_hosting_","FIRST SERVER LIMITED",""
"205100","src_asn_hosting_","F3 Netze",""
"205388","src_asn_hosting_","Serverdiscounter",""
"205399","src_asn_hosting_","Hostigger INC.",""
"205544","src_asn_hosting_","LeaseWeb UK / LON-01",""
"205676","src_asn_hosting_","Data Center Experts",""
"205733","src_asn_hosting_","AS-HOSTIFOX",""
"205876","src_asn_hosting_","Hoasted",""
"205952","src_asn_hosting_","LLC 'ASTRA CLOUD'",""
"206030","src_asn_hosting_","SERVER TESCIL INTERNET BILISIM DANISMANLIK TICARET LIMITED SIRKETI",""
"206092","src_asn_hosting_","Internet Utilities Europe and Asia Limited",""
"206216","src_asn_hosting_","Advin Servers",""
"206264","src_asn_hosting_","Amarutu Technology Ltd.",""
"206275","src_asn_hosting_","FLAMINGHOST",""
"206281","src_asn_hosting_","Vimexx",""
"206286","src_asn_hosting_","ONEOF1SERVERS",""
"206446","src_asn_hosting_","CLOUD LEASE",""
"206522","src_asn_hosting_","ISP Datacenter SARL",""
"206589","src_asn_hosting_","NSIX-Data-Center",""
"206728","src_asn_hosting_","Media Land LLC",""
"206804","src_asn_hosting_","EstNOC",""
"206805","src_asn_hosting_","T1Cloud",""
"206934","src_asn_hosting_","Beeks UK",""
"206971","src_asn_hosting_","BEDHOSTING",""
"206996","src_asn_hosting_","ZAP-Hosting GmbH",""
"207083","src_asn_hosting_","HostSlim",""
"207137","src_asn_hosting_","PacketHub AS207137",""
"207143","src_asn_hosting_","hosttech GmbH",""
"207252","src_asn_hosting_","Realtox Media",""
"207279","src_asn_hosting_","MARKAHOST",""
"207326","src_asn_hosting_","HostLAB",""
"207333","src_asn_hosting_","Hoster.KZ - Astana",""
"207449","src_asn_hosting_","LEBREUILLY Jeremy trading as Hostinity",""
"207451","src_asn_hosting_","PEARHOST.cz",""
"207513","src_asn_hosting_","HOSTOFF",""
"207560","src_asn_hosting_","Zubritska Valeriia Nikolaevna",""
"207569","src_asn_hosting_","I-SERVERS LTD",""
"207590","src_asn_hosting_","LocLix",""
"207685","src_asn_hosting_","CloudFerro S.A",""
"207718","src_asn_hosting_","Ru-hoster",""
"207728","src_asn_hosting_","EUROHOSTER Ltd.",""
"207758","src_asn_hosting_","Hosteur SA",""
"207769","src_asn_hosting_","FiveHost Telecom",""
"207847","src_asn_hosting_","CloudBlast LLC",""
"207934","src_asn_hosting_","WNB A/S",""
"207957","src_asn_hosting_","SERV.HOST GROUP LTD",""
"207990","src_asn_hosting_","HostRoyale Technologies Pvt Ltd",""
"208131","src_asn_hosting_","Cloud Company for General Services Ltd",""
"208152","src_asn_hosting_","CLNW",""
"208191","src_asn_hosting_","Go Host Ltd",""
"208208","src_asn_hosting_","CYBERSE",""
"208220","src_asn_hosting_","offerhostinc",""
"208258","src_asn_hosting_","Access2.IT Group B.V. (Hostio)",""
"208323","src_asn_hosting_","Foundation for Applied Privacy",""
"208450","src_asn_hosting_","MEGAHOST_KZ",""
"208453","src_asn_hosting_","SweHosting",""
"208457","src_asn_hosting_","CLOUD Telecom Portugal",""
"208591","src_asn_hosting_","Aitire",""
"208677","src_asn_hosting_","'Cloud Technologies' LLC trading as Cloud.ru",""
"208795","src_asn_hosting_","'Cloud Services Kazakhstan' LLP",""
"208800","src_asn_hosting_","G42 Cloud Technology",""
"208843","src_asn_hosting_","Alpha Strike Labs GmbH",""
"209045","src_asn_hosting_","Genesis Cloud",""
"209103","src_asn_hosting_","Proton",""
"209132","src_asn_hosting_","Alviva Holding Limited",""
"209242","src_asn_hosting_","Cloudflare London",""
"209243","src_asn_hosting_","QuickHost",""
"209341","src_asn_hosting_","hosting.com FRA1",""
"209474","src_asn_hosting_","EKIPHOST BILISIM TEKNOLOJILERI TICARET VE SANAYI LIMITED SIRKETI",""
"209588","src_asn_hosting_","Flyservers S.A.",""
"209605","src_asn_hosting_","UAB Host Baltic",""
"209693","src_asn_hosting_","OC NETWORKS LIMITED",""
"209723","src_asn_hosting_","EXPERT NETCLOUD LLP",""
"209805","src_asn_hosting_","SBCLOUD LLC",""
"209847","src_asn_hosting_","THE Hosting",""
"210110","src_asn_hosting_","Kvmcloud Network CO. LIMITED",""
"210226","src_asn_hosting_","Windcloud 4.0",""
"210250","src_asn_hosting_","WPX",""
"210281","src_asn_hosting_","EcoConnect LLC",""
"210329","src_asn_hosting_","Kamatera INC UK",""
"210356","src_asn_hosting_","KAUA REIS DA SILVA trading as BattleHost",""
"210369","src_asn_hosting_","MXCLOUD Ltd",""
"210388","src_asn_hosting_","Hayal Host Internet Ve Bilisim Teknolojileri Sanayi Ticaret Limited Sirketi",""
"210456","src_asn_hosting_","EastCoastHost Ltd",""
"210488","src_asn_hosting_","Hyocloud Limited",""
"210538","src_asn_hosting_","KEYUBU Internet ve Bilisim Tic. Ltd. Sti.",""
"210554","src_asn_hosting_","METEORCLOUD",""
"210558","src_asn_hosting_","1337 Services GmbH",""
"210574","src_asn_hosting_","Poyraz Hosting",""
"210579","src_asn_hosting_","Rackhost Informatikai",""
"210630","src_asn_hosting_","IncogNET LLC",""
"210636","src_asn_hosting_","Host9x Web Solutions Limited",""
"210644","src_asn_hosting_","Aéza",""
"210656","src_asn_hosting_","Yandex.Cloud LLC",""
"210718","src_asn_hosting_","FIVE CYBER HOST SECURITY",""
"210734","src_asn_hosting_","IPHOSTER OU",""
"210767","src_asn_hosting_","Link Host Ltd.",""
"210848","src_asn_hosting_","Telkom Internet LTD",""
"210966","src_asn_hosting_","DC Hosting",""
"211011","src_asn_hosting_","MATEUSZ WROBEL trading as VoxiHost",""
"211066","src_asn_hosting_","RYZEHOSTING TRADING",""
"211126","src_asn_hosting_","hosting.com MEX1",""
"211138","src_asn_hosting_","PRIVATEHOSTING-NET",""
"211277","src_asn_hosting_","HOSTEUR SAS",""
"211298","src_asn_hosting_","Driftnet Ltd",""
"211301","src_asn_hosting_","Unesty",""
"211360","src_asn_hosting_","HatHost",""
"211607","src_asn_hosting_","Securitytrails LLC",""
"211611","src_asn_hosting_","eximhost",""
"211748","src_asn_hosting_","ServerFIX B.V.",""
"211804","src_asn_hosting_","Ozan Yildiz trading as Sistemdc webhosting and server services",""
"211826","src_asn_hosting_","ISTQSERVERS",""
"211857","src_asn_hosting_","NSHOST SRL",""
"211895","src_asn_hosting_","Serverius Holding B.V.",""
"212000","src_asn_hosting_","1337 Hosting Solutions",""
"212027","src_asn_hosting_","PebbleHost",""
"212174","src_asn_hosting_","Jola Cloud Solutions Ltd",""
"212219","src_asn_hosting_","Hosting Dunyam",""
"212238","src_asn_hosting_","Datacamp Limited",""
"212271","src_asn_hosting_","C1V hosting",""
"212314","src_asn_hosting_","toCloud LLP",""
"212317","src_asn_hosting_","Hetzner Online Cloud 3",""
"212396","src_asn_hosting_","FyfeWeb Hosting",""
"212441","src_asn_hosting_","Cloud assets LLC",""
"212477","src_asn_hosting_","RoyaleHosting",""
"212508","src_asn_hosting_","Lowhosting Services",""
"212531","src_asn_hosting_","Interneto vizija",""
"212544","src_asn_hosting_","Darvag Cloud Infrastructure Innovators Co.PJS",""
"212653","src_asn_hosting_","HOSTERFY",""
"212701","src_asn_hosting_","Hostinux Limited",""
"212853","src_asn_hosting_","MB Redfox Cloud",""
"213035","src_asn_hosting_","Serverion",""
"213122","src_asn_hosting_","Hyonix (Legacy)",""
"213183","src_asn_hosting_","hosting.com LUX1",""
"213200","src_asn_hosting_","Ferdinand Zink trading as Tube-Hosting",""
"213220","src_asn_hosting_","Delta Ltd",""
"213230","src_asn_hosting_","Hetzner Online Cloud 2",""
"213252","src_asn_hosting_","CENUTA Hosting",""
"213282","src_asn_hosting_","ADAHOST",""
"213291","src_asn_hosting_","NebiusCloud",""
"213314","src_asn_hosting_","WallCloud GmbH",""
"213354","src_asn_hosting_","INTERNATIONAL HOSTING SOLUTIONS LLP",""
"213385","src_asn_hosting_","LOOK WEB HOSTING AND WEB DEVELOPMENT LTD",""
"213394","src_asn_hosting_","Clever Cloud SAS",""
"213488","src_asn_hosting_","Mustafa Gunes trading as Inoxweb Datacenter ve Hosting Bilisim Teknolojileri",""
"213644","src_asn_hosting_","Iranian Server Processing Limited Liability Company",""
"213646","src_asn_hosting_","Monkey Tree Hosting Limited",""
"213683","src_asn_hosting_","Host.AL",""
"213693","src_asn_hosting_","IDPerformance idhosting",""
"213738","src_asn_hosting_","HOSTEG HOSPEDAGEM E SERVIDORES LTDA",""
"213780","src_asn_hosting_","Individual Entrepreneur Suvorov Maxim Sergeevich",""
"213790","src_asn_hosting_","",""
"213799","src_asn_hosting_","CONHOST-ASN",""
"213807","src_asn_hosting_","TehranServer",""
"213873","src_asn_hosting_","OUIDO Hosting",""
"213877","src_asn_hosting_","u1host-as",""
"213896","src_asn_hosting_","Cherry Servers DE",""
"213941","src_asn_hosting_","NVHCloud",""
"214036","src_asn_hosting_","Ultahost Inc.",""
"214043","src_asn_hosting_","Cloudfira",""
"214062","src_asn_hosting_","ITITAN HOSTING SOLUTIONS SRL",""
"214063","src_asn_hosting_","Data Center LLC",""
"214079","src_asn_hosting_","LENDNODES",""
"214138","src_asn_hosting_","Host Zentrum",""
"214159","src_asn_hosting_","Cherry Servers SE",""
"214169","src_asn_hosting_","Cloudfire s.r.l.",""
"214172","src_asn_hosting_","M-TELECOM",""
"214174","src_asn_hosting_","",""
"214209","src_asn_hosting_","Internet Magnate (Pty) Ltd",""
"214238","src_asn_hosting_","HOST TELECOM LTD",""
"214259","src_asn_hosting_","Reversed Hosting vof",""
"214295","src_asn_hosting_","SKYNET NETWORK LTD",""
"214305","src_asn_hosting_","",""
"214311","src_asn_hosting_","RDP CORE DC DOO BEOGRAD RDPCore Data Center Solutions",""
"214340","src_asn_hosting_","24racks Cloud",""
"214375","src_asn_hosting_","",""
"214382","src_asn_hosting_","Hostlayici Internet ve Bilisim Hizmetleri",""
"214419","src_asn_hosting_","",""
"214438","src_asn_hosting_","NexGen Cloud Ltd",""
"214456","src_asn_hosting_","SERVERSP-AS",""
"214461","src_asn_hosting_","Cloudpard LLC",""
"214478","src_asn_hosting_","Sakura Clouds LLC",""
"214503","src_asn_hosting_","R0cket Cloud",""
"214557","src_asn_hosting_","HOSTMENOW LTD",""
"214574","src_asn_hosting_","Biterika Group LLC",""
"214577","src_asn_hosting_","",""
"214640","src_asn_hosting_","Hostup AB",""
"214663","src_asn_hosting_","DanBot Hosting LTD",""
"214668","src_asn_hosting_","AXUSHOST",""
"214677","src_asn_hosting_","DeluxHost",""
"214708","src_asn_hosting_","CLOUD-TELECOM",""
"214738","src_asn_hosting_","WEHOST LLC",""
"214762","src_asn_hosting_","MatHost.eu",""
"214808","src_asn_hosting_","",""
"214882","src_asn_hosting_","ArenHost",""
"214915","src_asn_hosting_","PawHost",""
"214918","src_asn_hosting_","ESAGAMES HOSTING SHIELD S.R.L.",""
"214927","src_asn_hosting_","PSB HOSTING LTD",""
"214940","src_asn_hosting_","KPROHOST LLC",""
"214943","src_asn_hosting_","Railnet LLC",""
"214961","src_asn_hosting_","Stellar Group SAS",""
"215026","src_asn_hosting_","EvosHosting by Len Service SRL",""
"215052","src_asn_hosting_","Din Server Group ApS",""
"215096","src_asn_hosting_","MADHOST-AS",""
"215114","src_asn_hosting_","PLB-NET",""
"215117","src_asn_hosting_","HosterDaddy Private Limited",""
"215184","src_asn_hosting_","MoeChuang Network-215184",""
"215224","src_asn_hosting_","NovoServe Customers ASN",""
"215269","src_asn_hosting_","LAZYCLOUD",""
"215272","src_asn_hosting_","CLOUDVPS-AS",""
"215292","src_asn_hosting_","Gravhosting LLC",""
"215310","src_asn_hosting_","UserCloud",""
"215311","src_asn_hosting_","REGXA-CLOUD",""
"215339","src_asn_hosting_","CLOUD FOREST INFRASTRUCTURE S.R.L.",""
"215346","src_asn_hosting_","Big Data Host LLC",""
"215370","src_asn_hosting_","Wasabi Hosting",""
"215375","src_asn_hosting_","Luca Nowak",""
"215376","src_asn_hosting_","ML Cloud Ltd",""
"215381","src_asn_hosting_","ROCKHOSTER PRIVATE LIMITED",""
"215413","src_asn_hosting_","",""
"215437","src_asn_hosting_","SummerHosting sp. z o. o.",""
"215439","src_asn_hosting_","PLAY2GO-NET",""
"215476","src_asn_hosting_","Inside Network LTD",""
"215540","src_asn_hosting_","GLOBAL CONNECTIVITY SOLUTIONS LLP",""
"215659","src_asn_hosting_","Kyun",""
"215671","src_asn_hosting_","OxinCloud",""
"215672","src_asn_hosting_","MoeChuang Network",""
"215691","src_asn_hosting_","HOSTEALO",""
"215693","src_asn_hosting_","PalmaHost",""
"215703","src_asn_hosting_","FREAKHOSTING",""
"215826","src_asn_hosting_","Partner Hosting LTD",""
"215859","src_asn_hosting_","Hetzner Online Cloud 4",""
"215865","src_asn_hosting_","",""
"215904","src_asn_hosting_","HostingBazis",""
"215925","src_asn_hosting_","VPSVAULT.HOST LTD",""
"216030","src_asn_hosting_","GoodLeaf Hosting & Development LLC",""
"216032","src_asn_hosting_","",""
"216054","src_asn_hosting_","vip-host",""
"216071","src_asn_hosting_","VDSINA",""
"216127","src_asn_hosting_","NUXTCLOUD",""
"216139","src_asn_hosting_","IRONHOST",""
"216154","src_asn_hosting_","CLODO CLOUD SERVICE CO. L.L.C",""
"216180","src_asn_hosting_","hosting.com SYD1",""
"216193","src_asn_hosting_","Hyperion Cloud SAS",""
"216221","src_asn_hosting_","XeniaHosting",""
"216246","src_asn_hosting_","Aéza (RU)",""
"216334","src_asn_hosting_","New Hosting Technologies LLC",""
"216344","src_asn_hosting_","AriyaServer",""
"216347","src_asn_hosting_","Bikupa Datacenter AB",""
"216383","src_asn_hosting_","ONLINE SERVER TELEKOMUNIKASYON LIMITED SIRKETI",""
"216395","src_asn_hosting_","hostbet",""
"216431","src_asn_hosting_","Hostpost Hungary",""
"216444","src_asn_hosting_","Cherry Servers SG",""
"262256","src_asn_hosting_","Servicios Informáticos Hostname",""
"262415","src_asn_hosting_","OPEN PROCESSAMENTO DE DADOS",""
"262448","src_asn_hosting_","DIALHOST INTERNET",""
"262688","src_asn_hosting_","HOST TECNOLOGIA",""
"262790","src_asn_hosting_","Central Server Informática Ltda",""
"262954","src_asn_hosting_","VirtuaServer Informatica",""
"262978","src_asn_hosting_","Armazém Datacenter",""
"263237","src_asn_hosting_","PowerHost Chile",""
"263511","src_asn_hosting_","SaveinCloud",""
"263735","src_asn_hosting_","SOCIEDAD BUENA HOSTING S.A.",""
"263829","src_asn_hosting_","HOST PARA TU VIDA S.A.",""
"264617","src_asn_hosting_","Grupo Panaglobal 15 S.A",""
"264649","src_asn_hosting_","NUT HOST SRL",""
"264689","src_asn_hosting_","Ubnet Datacenter",""
"265645","src_asn_hosting_","HOSTINGFOREX S.A.",""
"265919","src_asn_hosting_","BB Host Datacenter",""
"266795","src_asn_hosting_","EMPIREHOST LIMITADA",""
"266855","src_asn_hosting_","ECOHOSTING INTERNET",""
"266878","src_asn_hosting_","BESTHOST",""
"266886","src_asn_hosting_","HOSTING EN LA WEB",""
"266927","src_asn_hosting_","BINARIO CLOUD",""
"267212","src_asn_hosting_","SERVER MEDIA COMUNICAÇÃO",""
"267241","src_asn_hosting_","AI BRAZIL TECHNOLOGIES & DATACENTER LTDA",""
"267637","src_asn_hosting_","Tecnoserver Telecom EIRELI",""
"267679","src_asn_hosting_","BUSAJM MARIANA (RACK DIGITAL)",""
"267784","src_asn_hosting_","Flyservers S.A.",""
"268208","src_asn_hosting_","2CLOUD INFORMATICA LTDA EPP",""
"268581","src_asn_hosting_","QNAX Data Center",""
"269070","src_asn_hosting_","Hostzone Tecnologia LTDA",""
"269098","src_asn_hosting_","AbsamHost Internet Data Center",""
"269353","src_asn_hosting_","VOLAREHOST INTERNET LTDA ME",""
"270238","src_asn_hosting_","RuralNET Telecom",""
"270251","src_asn_hosting_","ASN270251",""
"270353","src_asn_hosting_","Tyna Host - Datacenter no Brasil",""
"270564","src_asn_hosting_","MASTER DA WEB",""
"270711","src_asn_hosting_","Cloud Telecom LTDA",""
"270764","src_asn_hosting_","Ecxon Datacenter",""
"270824","src_asn_hosting_","ENX Services",""
"270931","src_asn_hosting_","NUV BRASIL - AS270931",""
"271052","src_asn_hosting_","NUV BRASIL - AS271052",""
"271885","src_asn_hosting_","IXPGT - Guatemala - Route Servers",""
"272119","src_asn_hosting_","GTITHOST C.A",""
"272547","src_asn_hosting_","Servicos de Infraestrutura e Datacenter",""
"272696","src_asn_hosting_","Hosting Now",""
"272786","src_asn_hosting_","x99.cloud AS272786",""
"272996","src_asn_hosting_","SINCERE NETWORKS B.V.",""
"327980","src_asn_hosting_","FASTHOSTING (PTY) LTD",""
"328037","src_asn_hosting_","Optify Systems",""
"328329","src_asn_hosting_","CLOUD-ARPCE",""
"328364","src_asn_hosting_","Host Africa",""
"328426","src_asn_hosting_","Zonke Wifi",""
"328608","src_asn_hosting_","Africa on Cloud",""
"328631","src_asn_hosting_","TWC Hosting",""
"328699","src_asn_hosting_","cloud.mu",""
"328853","src_asn_hosting_","OXAHOST",""
"328884","src_asn_hosting_","BLUE ITS BUSINESS SOLUTIONS (PTY) LTD",""
"328989","src_asn_hosting_","SMARTCLOUD AFRICA",""
"329166","src_asn_hosting_","Absolute Hosting",""
"329184","src_asn_hosting_","Host Africa DPA",""
"329206","src_asn_hosting_","Rackzar",""
"329270","src_asn_hosting_","EGATE CLOUD SERVICES LDA",""
"329278","src_asn_hosting_","Truehost Cloud Limited",""
"329394","src_asn_hosting_","OneCloud LDA",""
"329403","src_asn_hosting_","Vhost Limited",""
"329580","src_asn_hosting_","ORG-TCNL1-AFRINIC",""
"393336","src_asn_hosting_","Catalyst Host LLC",""
"393960","src_asn_hosting_","HOST4GEEKS-LLC",""
"394177","src_asn_hosting_","Shift Hosting",""
"394303","src_asn_hosting_","BIGSCOOTS",""
"394353","src_asn_hosting_","USC/ISI B-ROOT",""
"394380","src_asn_hosting_","LeaseWeb USA / DAL-10",""
"394738","src_asn_hosting_","Silicon Valley Web Hosting",""
"394760","src_asn_hosting_","SAUCESERVERSCORP-01",""
"395092","src_asn_hosting_","Shock Hosting",""
"395111","src_asn_hosting_","KVCHOSTING.COM LLC",""
"395723","src_asn_hosting_","LightSpeed Hosting",""
"395839","src_asn_hosting_","HOSTKEY-USA",""
"395881","src_asn_hosting_","SKYLINKHOSTINGLLC",""
"395954","src_asn_hosting_","Leaseweb USA Inc.",""
"396073","src_asn_hosting_","Spin Servers",""
"396158","src_asn_hosting_","HostCircle Inc.",""
"396190","src_asn_hosting_","Leaseweb USA Inc.",""
"396319","src_asn_hosting_","CloudVPN Inc.",""
"396356","src_asn_hosting_","Latitude.sh AS396356",""
"396507","src_asn_hosting_","Emerald Onion",""
"396949","src_asn_hosting_","Kamatera Inc.",""
"396982","src_asn_hosting_","Google Cloud",""
"396986","src_asn_hosting_","ByteDance",""
"397006","src_asn_hosting_","Mullcloud LLC",""
"397032","src_asn_hosting_","SPARKED",""
"397086","src_asn_hosting_","Vault Host",""
"397423","src_asn_hosting_","Tier.Net Technologies LLC",""
"398090","src_asn_hosting_","Lambda Cloud",""
"398101","src_asn_hosting_","GoDaddy.com LLC",""
"398256","src_asn_hosting_","Ultahost Inc.",""
"398324","src_asn_hosting_","Censys",""
"398395","src_asn_hosting_","LevelOneServers",""
"398432","src_asn_hosting_","WANRack LLC",""
"398465","src_asn_hosting_","Rackdog",""
"398705","src_asn_hosting_","Censys Inc.",""
"398722","src_asn_hosting_","Censys Inc.",""
"398779","src_asn_hosting_","Ace Host LLC",""
"398826","src_asn_hosting_","OLink Cloud",""
"398991","src_asn_hosting_","x99.cloud",""
"399077","src_asn_hosting_","Tcloudnet",""
"399244","src_asn_hosting_","AME Hosting LLC",""
"399296","src_asn_hosting_","Rackdog LLC",""
"399471","src_asn_hosting_","AS-SERVERION",""
"399486","src_asn_hosting_","Virtuo.Host (AS399486)",""
"399532","src_asn_hosting_","Universal Layer",""
"399804","src_asn_hosting_","HOSTODO",""
"399820","src_asn_hosting_","Atomic Networks LLC",""
"399979","src_asn_hosting_","49.3 Networking LLC",""
"400175","src_asn_hosting_","Microtronix ESolutions LLC",""
"400298","src_asn_hosting_","MADCITYSERVERS-LLC",""
"400402","src_asn_hosting_","Hosting Bot",""
"400587","src_asn_hosting_","Ryamer",""
"400596","src_asn_hosting_","ELIXIOR-CLOUD",""
"400618","src_asn_hosting_","PSC",""
"400619","src_asn_hosting_","AROSS-AS",""
"400716","src_asn_hosting_","Redmond Hosting",""
"400810","src_asn_hosting_","BreezeHost.io",""
"400897","src_asn_hosting_","PETROSKY CLOUD LLC",""
"400899","src_asn_hosting_","Cyclone Servers",""
"400916","src_asn_hosting_","",""
"400998","src_asn_hosting_","AWN Server Hosting LLC",""
"401075","src_asn_hosting_","Skyspark Hosting LLC",""
"401116","src_asn_hosting_","",""
"401120","src_asn_hosting_","",""
"401152","src_asn_hosting_","Ace Data Centers II L.L.C.",""
"401172","src_asn_hosting_","",""
"401304","src_asn_hosting_","PropelCLOUD",""
"401404","src_asn_hosting_","ViperHost LLC",""
"401477","src_asn_hosting_","",""
"401619","src_asn_hosting_","HOSTBILBY",""
"401665","src_asn_hosting_","HostBilby Inc.",""
"401696","src_asn_hosting_","cognetcloud INC",""