"match_name","ja4","clients"
"","t13i4311h1_c7886603b240_b26ce05bbdd6","python-requests"
"","t13i3111h1_e8f1e7e78f70_d41ae481755e","Python aiohttp"
"","t13i3111h1_e8f1e7e78f70_b26ce05bbdd6","python-requests"
"","t13i181000_85036bcba153_d41ae481755e","Python-urllib"
"","t13i1712h1_ab0a1bf427ad_ecd0401ec68b","Python aiohttp"
"","t13i1711h1_ab0a1bf427ad_882d495ac381","python-requests"
"","t13i170900_5b57614c22b0_78e6aca7449b","libredtail-http|Custom-AsyncHttpClient"
"","t13i140900_cbb2034c60b8_e7c285222651","Go-http-client"
"","t13i131000_f57a46bbacb6_e5728521abd4","curl"
"","t13i131000_f57a46bbacb6_ab7e3b40a677","curl"
"","t13d9112h2_0d5420ba6086_78b3e9c34d1f","curl"
"","t13d9013h1_c6771aded2ed_57a60bdf03d1","python-requests"
"","t13d751100_479067518aa3_d41ae481755e","GuzzleHttp"
"","t13d751100_479067518aa3_24695f2957a7","Zend_Http_Client"
"","t13d751000_479067518aa3_07f3eb559a7e","Wget"
"","t13d731000_613d769af9d7_c77f988ab799","Apache-HttpClient"
"","t13d651200_6db578914d42_ed8a095ecb06","python-requests"
"","t13d651200_6db578914d42_47112b8d1ff3","python-requests"
"","t13d5911h1_a33745022dd6_b505f6e32f82","axios"
"","t13d591100_a33745022dd6_dbd39dd1d406","axios"
"","t13d591000_a33745022dd6_5ede5b5877dd","axios"
"","t13d591000_a33745022dd6_5ac7197df9d2","axios"
"","t13d591000_a33745022dd6_40018055699d","axios"
"","t13d591000_a33745022dd6_1f22a2ca17c4","axios"
"","t13d591000_a33745022dd6_16f584bc7a54","axios"
"","t13d531100_ed6c8d7875f9_73314089cd26","axios"
"","t13d531000_ed6c8d7875f9_ca724472d9b1","axios"
"","t13d531000_ed6c8d7875f9_518fb456ca59","axios"
"","t13d521200_b262b3658495_a9e194930d02","axios"
"","t13d521200_b262b3658495_12644ad88185","axios"
"","t13d521100_b262b3658495_8e6e362c5eac","axios"
"","t13d521100_b262b3658495_50d4576e852f","axios"
"","t13d491200_bd868743f55c_771b308a775a","Apache-HttpClient"
"","t13d491100_bd868743f55c_fa269c3d986d","Apache-HttpClient"
"","t13d491100_bd868743f55c_f2a308c7e1ab","Apache-HttpClient"
"","t13d491100_834380eab35e_24695f2957a7","python-requests"
"","t13d491000_834380eab35e_5ac7197df9d2","python-requests"
"","t13d4907h2_0d8feac7bc37_7395dae3b2f3","curl"
"","t13d461000_0cb0c5806038_1f22a2ca17c4","python-requests"
"","t13d4607h2_a6ef478a285d_7395dae3b2f3","curl"
"","t13d451100_e26e34db8f0c_0afe9a111c48","axios"
"","t13d451100_d524c25c267f_fa269c3d986d","Apache-HttpClient"
"","t13d450900_d524c25c267f_9da38b6fd1bc","Apache-HttpClient"
"","t13d4412h1_fd39b124ee10_89b78339ac4c","python-requests"
"","t13d4411h1_fd39b124ee10_992340a1a229","python-requests"
"","t13d4411h1_fd39b124ee10_89b78339ac4c","python-requests"
"","t13d4312h1_c7886603b240_d41ae481755e","python-httpx"
"","t13d4312h1_c7886603b240_848c75f7d873","python-requests"
"","t13d4311h2_c7886603b240_24695f2957a7","python-httpx"
"","t13d4311h1_c7886603b240_d41ae481755e","python-httpx"
"","t13d431100_c7886603b240_d41ae481755e","python-requests"
"","t13d431100_c7886603b240_d339722ba4af","python-requests"
"","t13d431100_c7886603b240_24695f2957a7","python-requests"
"","t13d4310h1_c7886603b240_c9e58cc61e36","python-requests"
"","t13d4310h1_c7886603b240_a29327ec888c","python-requests"
"","t13d4310h1_c7886603b240_7379471da272","python-requests"
"","t13d431000_c7886603b240_5ac7197df9d2","python-requests"
"","t13d430900_c7886603b240_1f22a2ca17c4","python-requests"
"","t13d3813h1_0053d156b780_03eb65375a95","python-requests"
"","t13d381300_0053d156b780_7bc957b68363","python-requests"
"","t13d380900_219579d2abb7_b0d3b4ac2a14","curl"
"","t13d3714h1_91ec122131b4_de0c26b74a08","python-requests"
"","t13d3714h1_91ec122131b4_97a66a8f4cb1","python-requests"
"","t13d3713h1_5c443a9f7afe_89992bd7bbd7","python-requests"
"","t13d371300_db35923f8641_867a32efce91","Apache-HttpClient"
"","t13d3712h1_5c443a9f7afe_6bebaf5329ac","python-requests"
"","t13d371200_db35923f8641_d57fffc49aed","Java"
"","t13d371200_db35923f8641_7c76daad20ec","Apache-HttpClient"
"","t13d371200_db35923f8641_771b308a775a","Apache-HttpClient"
"","t13d371200_5c443a9f7afe_adb3fbb29c1a","python-requests"
"","t13d371100_db35923f8641_fa269c3d986d","Apache-HttpClient"
"","t13d371100_db35923f8641_7ca1f6f6bf38","Apache-HttpClient"
"","t13d371000_db35923f8641_75923ceb0967","Apache-HttpClient"
"","t13d3614h2_018971650b2c_af6a7c1c9809","curl"
"","t13d3614h1_bcee18a5b459_5ae85263eb3b","python-httpx"
"","t13d3614h1_018971650b2c_fa3dc1457c3a","GuzzleHttp"
"","t13d3614h1_018971650b2c_af6a7c1c9809","GuzzleHttp"
"","t13d3613h2_018971650b2c_e7e754ef087b","curl"
"","t13d3613h2_018971650b2c_10734c531abe","curl"
"","t13d3613h2_018971650b2c_03eb65375a95","curl"
"","t13d3613h1_bcee18a5b459_e10b9050f4c9","python-requests"
"","t13d3613h1_bcee18a5b459_89ab6efea773","python-httpx"
"","t13d3613h1_bcee18a5b459_8537cf56674e","python-requests"
"","t13d3613h1_018971650b2c_e7e754ef087b","libcurl-agent|GuzzleHttp"
"","t13d3613h1_018971650b2c_144321f44052","Python aiohttp"
"","t13d3612h1_bcee18a5b459_882d495ac381","curl|python-requests"
"","t13d3612h1_018971650b2c_89b78339ac4c","python-requests"
"","t13d361200_bcee18a5b459_89ab6efea773","python-requests"
"","t13d361200_018971650b2c_b7ee5e09e9b3","Python-urllib"
"","t13d3611h1_bcee18a5b459_c3976d268853","python-requests"
"","t13d361100_018971650b2c_e8b3fe21f08b","Python aiohttp"
"","t13d351100_ece804e54fac_ea55d4dd83c9","axios"
"","t13d340900_832bd7ce3ea2_b0d3b4ac2a14","python-requests"
"","t13d3312h1_bfc99510993c_b31d56c0f8be","python-requests"
"","t13d3312h1_bfc99510993c_9930c491eef3","Python aiohttp"
"","t13d3312h1_78702de763e6_6bebaf5329ac","python-requests"
"","t13d330900_80cecea31fe6_9da38b6fd1bc","Apache-HttpClient"
"","t13d3113h2_e8f1e7e78f70_d339722ba4af","httpx.rb"
"","t13d3113h2_e8f1e7e78f70_550dd089df7a","KlHttpClientCurl"
"","t13d3113h1_e8f1e7e78f70_d339722ba4af","Python-urllib"
"","t13d3113h1_e8f1e7e78f70_ce5650b735ce","GuzzleHttp"
"","t13d3113h1_e8f1e7e78f70_8d4036f0cf4a","python-httpx|Python aiohttp"
"","t13d3112h2_e8f1e7e78f70_ce5650b735ce","curl"
"","t13d3112h2_e8f1e7e78f70_8d633dac7124","curl"
"","t13d3112h1_e8f1e7e78f70_f7c8c70fb278","python-requests"
"","t13d3112h1_e8f1e7e78f70_f4b9272caa35","curl|GuzzleHttp"
"","t13d3112h1_e8f1e7e78f70_d339722ba4af","python-urllib"
"","t13d3112h1_e8f1e7e78f70_bd4b51fc962b","python-requests"
"","t13d3112h1_e8f1e7e78f70_6bebaf5329ac","GuzzleHttp"
"","t13d3112h1_e8f1e7e78f70_4b962faf6cc2","GuzzleHttp"
"","t13d3112h1_e8f1e7e78f70_3dbd3d038e27","python-httpx"
"","t13d3112h1_e8f1e7e78f70_24695f2957a7","python-httpx"
"","t13d311200_e8f1e7e78f70_ccd0985badbe","libwww-perl"
"","t13d311200_e8f1e7e78f70_550dd089df7a","Python-urllib"
"","t13d311200_d8c8e48f456a_7c76daad20ec","Apache HttpClient"
"","t13d3111h2_e8f1e7e78f70_f2cea8ca5cb9","curl"
"","t13d3111h2_e8f1e7e78f70_b26ce05bbdd6","curl"
"","t13d3111h1_e8f1e7e78f70_24695f2957a7","python-httpx"
"","t13d3111h1_e8f1e7e78f70_1f22a2ca17c4","python-requests"
"","t13d311100_e8f1e7e78f70_475db235fcb6","Python aiohttp"
"","t13d311100_e8f1e7e78f70_2d4c05aacbc8","Python aiohttp"
"","t13d311000_e8f1e7e78f70_e1d1bdc3e2a2","Scrapy"
"","t13d311000_e8f1e7e78f70_b505f6e32f82","curl"
"","t13d311000_e8f1e7e78f70_a29327ec888c","Scrapy"
"","t13d311000_e8f1e7e78f70_7379471da272","Scrapy"
"","t13d311000_e8f1e7e78f70_5ac7197df9d2","curl"
"","t13d3014h1_1d37bd780c83_c5cfab342c59","Python aiohttp|curl"
"","t13d3013h2_1d37bd780c83_e10b9050f4c9","curl"
"","t13d3013h1_1d37bd780c83_e10b9050f4c9","python-requests"
"","t13d3012h2_1d37bd780c83_882d495ac381","curl|Symfony HttpClient"
"","t13d3012h1_1d37bd780c83_8e6e362c5eac","Python aiohttp"
"","t13d3012h1_1d37bd780c83_882d495ac381","python-requests|GuzzleHttp"
"","t13d301100_1d37bd780c83_4df47d6b5700","Scrapy"
"","t13d301000_1d37bd780c83_c3976d268853","Scrapy"
"","t13d2914h2_723694b0fccc_2cc26d266019","curl"
"","t13d2914h2_723694b0fccc_04530c6123c2","curl"
"","t13d291300_723694b0fccc_cbc5258318c5","Wget"
"","t13d2912h2_723694b0fccc_288f874c93d6","curl"
"","t13d2911h2_723694b0fccc_a877a2694f58","curl"
"","t13d2813h2_257f3020b3a2_91b187c34d40","curl"
"","t13d2613h2_2802a3db6c62_845d286b0d67","Go-http-client"
"","t13d2610h2_6d1bcf7a4624_188c7f576dcd","curl"
"","t13d260900_6d1bcf7a4624_c06d14d7e8f6","curl"
"","t13d260900_6d1bcf7a4624_203e1013da2f","curl"
"","t13d251200_b78ed14e2fd0_9249cab70c77","fasthttp"
"","t13d2114h2_cbb8954facf6_2be5fcd091f2","Go-http-client"
"","t13d2113h2_d737912a8fc5_6f7070f6e5f0","Go-http-client"
"","t13d2013h2_a88e24e5a3e2_644a2a0517ce","Go-http-client"
"","t13d2013h1_2b729b4bf6f3_e24568c0d440","curl"
"","t13d2012h1_2b729b4bf6f3_36bf25f296df","curl"
"","t13d201200_a88e24e5a3e2_b896eac6e7dd","Go-http-client"
"","t13d2011h1_2b729b4bf6f3_29829a46703f","curl"
"","t13d1914h2_346cb2d8d4b5_dd35b9648e46","Go-http-client"
"","t13d1913h2_bd184d8295a0_1b3407e2c936","Symfony HttpClientCurl"
"","t13d1913h1_c968117e19e9_144321f44052","python-httpx"
"","t13d1913h1_c968117e19e9_03eb65375a95","python-requests"
"","t13d1912h2_bd184d8295a0_b26ce05bbdd6","Symfony HttpClientCurl"
"","t13d1912h2_11bd188f2ca6_0c0b60546ada","Go-http-client"
"","t13d1912h1_c968117e19e9_b9249812b67b","Python aiohttp"
"","t13d1912h1_c968117e19e9_b26ce05bbdd6","python-requests"
"","t13d1912h1_c968117e19e9_58ed7828516f","python-requests"
"","t13d191200_9dc949149365_3d9b77117d33","Go-http-client"
"","t13d1911h2_bc34fd01357c_040b67f9677c","Go-http-client"
"","t13d1911h2_9dc949149365_e7c285222651","python-requests|Go-http-client"
"","t13d1911h2_9dc949149365_d811adc85aab","Go-http-client"
"","t13d191100_c968117e19e9_b9249812b67b","Python aiohttp"
"","t13d191100_9dc949149365_be53661681a4","Go-http-client"
"","t13d1910h2_9dc949149365_e7c285222651","Go-http-client"
"","t13d191000_9dc949149365_be53661681a4","Go-http-client"
"","t13d1909h2_9dc949149365_97f8aa674fd9","grpcurldev|zgrab0"
"","t13d1815h2_e8a523a41297_3d5424432f57","Go-http-client"
"","t13d1814h2_29a2cd9e9f10_d267a5f792d4","Go-http-client"
"","t13d1813h1_85036bcba153_d339722ba4af","Python-urllib"
"","t13d1813h1_85036bcba153_adb3fbb29c1a","Python-urllib"
"","t13d1813h1_85036bcba153_85fd1a05dda1","Python-urllib"
"","t13d1813h1_5103eae14fdb_14e66fa6483b","Python aiohttp|curl"
"","t13d1812h2_85036bcba153_d41ae481755e","python-httpx|Wget"
"","t13d1812h2_85036bcba153_b26ce05bbdd6","python-requests"
"","t13d1812h2_60ae3942b253_5c4af5f30765","Go-http-client"
"","t13d1812h1_85036bcba153_8d633dac7124","python-requests"
"","t13d1812h1_85036bcba153_7452fd1b1717","python-urllib|Python aiohttp"
"","t13d1812h1_85036bcba153_6bebaf5329ac","python-requests"
"","t13d181200_383f29319c0d_4a2f752aa903","Go-http-client"
"","t13d1811h2_e8a523a41297_5894756fee65","curl"
"","t13d1811h2_85036bcba153_d41ae481755e","python-httpx"
"","t13d1811h1_85036bcba153_a29327ec888c","python-requests"
"","t13d1811h1_85036bcba153_6bebaf5329ac","python-requests"
"","t13d181100_85036bcba153_7452fd1b1717","Python aiohttp"
"","t13d181100_85036bcba153_24695f2957a7","Python aiohttp"
"","t13d181000_e8a523a41297_78e6aca7449b","axios"
"","t13d181000_85036bcba153_d41ae481755e","Python aiohttp|Python-urllib|Go-http-client"
"","t13d180900_85036bcba153_1f22a2ca17c4","Python aiohttp"
"","t13d1715h1_5b57614c22b0_e8ed158c4d85","axios"
"","t13d1714h1_ab0a1bf427ad_2a4a26de6770","python-requests"
"","t13d1714h1_5b57614c22b0_7baf387fc6ff","axios"
"","t13d1713h2_5b57614c22b0_02c8e53ee398","Python aiohttp"
"","t13d1713h1_ab0a1bf427ad_8537cf56674e","python-requests"
"","t13d1713h1_5b57614c22b0_eca864cca44a","curl"
"","t13d1713h1_5b57614c22b0_748f4c70de1c","Go-http-client"
"","t13d1712h2_ab0a1bf427ad_8e6e362c5eac","python-httpx"
"","t13d1712h2_5b57614c22b0_ef7df7f74e48","Python aiohttp"
"","t13d1712h2_5b57614c22b0_d5fe2c511efa","Python aiohttp"
"","t13d1712h2_5b57614c22b0_7567d9272d6a","curl"
"","t13d1712h1_b09b50f5b822_4e3b641d64a3","Python aiohttp"
"","t13d1712h1_ab0a1bf427ad_ecd0401ec68b","Python aiohttp"
"","t13d171200_ab0a1bf427ad_ecd0401ec68b","Python aiohttp"
"","t13d171200_ab0a1bf427ad_0b298858d6c1","Python-urllib"
"","t13d1711h2_5b57614c22b0_5894756fee65","curl"
"","t13d1711h1_ab0a1bf427ad_882d495ac381","python-requests"
"","t13d171100_b09b50f5b822_4e3b641d64a3","Python aiohttp"
"","t13d171100_ab0a1bf427ad_8e6e362c5eac","Python aiohttp|Python-urllib"
"","t13d170900_5b57614c22b0_78e6aca7449b","libredtail-http|Custom-AsyncHttpClient"
"","t13d1616h2_46e7e9700bed_4551aecd7b38","Go-http-client"
"","t13d1615h2_46e7e9700bed_45f260be83e2","Go-http-client"
"","t13d1516h1_8daaf6152771_d8a2da3f94cd","Go-http-client"
"","t13d1516h1_8daaf6152771_02713d6af862","axios|Go-http-client"
"","t13d1515h2_8daaf6152771_4769d65a485e","okhttp"
"","t13d1514h2_8daaf6152771_a5b99884f7f5","okhttp"
"","t13d1513h2_8daaf6152771_eca864cca44a","okhttp"
"","t13d141100_cbb2034c60b8_e5728521abd4","Go-http-client"
"","t13d131400_f57a46bbacb6_47d1ff9c9a84","Go-http-client"
"","t13d1313h2_f57a46bbacb6_9249cab70c77","Go-http-client"
"","t13d131300_f57a46bbacb6_47d1ff9c9a84","Go-http-client"
"","t13d131300_f57a46bbacb6_1bd98dace775","Go-http-client"
"","t13d131000_f57a46bbacb6_e5728521abd4","curl"
"","t13d1114h2_5e2a75874763_89e9e4bb3419","okhttp"
"","t13d0913h2_f91f431d341e_eca864cca44a","okhttp"
"","t13d0513h2_d54b367aa298_ce5650b735ce","curl"
"","t13d0513h1_d54b367aa298_ce5650b735ce","curl"
"","t13d0513h1_91e5f04aefe7_ce5650b735ce","curl"
"","t13d051300_b2647d7ac037_a5b99884f7f5","Apache-HttpClient"
"","t13d041000_16476d049b0b_78f1d400d464","Python aiohttp"
"","t13d031200_55b375c5d22e_1b94ed4fc31f","Python aiohttp"
"","t12i650500_0dd215169a35_a1e935682795","libwww-perl"
"","t12i400600_9479543b8654_a8cc486ca5dc","python-requests"
"","t12i130500_2d7513195f68_e51b7354d87f","zgrab"
"","t12i130500_2d7513195f68_021165082e1c","zgrab"
"","t12d960100_2e2b71e943e0_d2e2adf7177b","nvdorz"
"","t12d9105h2_0d5420ba6086_6d6a3b4001f6","curl"
"","t12d9105h1_0d5420ba6086_6d6a3b4001f6","python-requests"
"","t12d9105h1_0d5420ba6086_185d58148c9c","Python-urllib"
"","t12d8709h1_c66346c74e42_c01f54b57a4e","python-requests"
"","t12d860700_e18388e7f3a3_82637eba5084","Python aiohttp"
"","t12d860600_e18388e7f3a3_82637eba5084","Python aiohttp"
"","t12d8008h1_9cedc1f1428b_f0d272110e21","GuzzleHttp"
"","t12d8007h2_9cedc1f1428b_8587f467d9ea","curl"
"","t12d8007h2_9cedc1f1428b_75ef9fbffc02","curl"
"","t12d800700_9cedc1f1428b_506013b67684","Python aiohttp"
"","t12d781200_ab95583b6d39_a3706e97eafa","curl"
"","t12d781100_ab95583b6d39_a3706e97eafa","curl"
"","t12d7511h1_479067518aa3_f7ecb151581b","python-requests"
"","t12d751100_479067518aa3_f7ecb151581b","GuzzleHttp"
"","t12d751100_479067518aa3_458dc95a31b2","Wget"
"","t12d710600_62b1d2d86ae6_82637eba5084","Python-urllib"
"","t12d700500_b8b0f76b4bb5_a1e935682795","python-requests"
"","t12d680600_20360d613c15_c41fc34e2394","Wget"
"","t12d640100_5affa7d90931_d2e2adf7177b","Python-urllib"
"","t12d600600_51f219a9f90c_8587f467d9ea","python-requests"
"","t12d590500_a33745022dd6_ebcc2ddcddfb","axios"
"","t12d590500_7bd0586cbef7_aacd6978b14f","curl"
"","t12d570600_b4f79dce71c2_a1e935682795","python-requests"
"","t12d570600_a9b052df0218_a1e935682795","Python aiohttp"
"","t12d550600_168bb377f8c8_c41fc34e2394","python-requests"
"","t12d550600_168bb377f8c8_a1e935682795","python-requests"
"","t12d5208h1_26e41e4f9c7e_046e095b7c4a","GuzzleHttp"
"","t12d520500_26e41e4f9c7e_22a92d800fe4","python-httpx|Wget"
"","t12d500500_5e02f30799ee_0dfbe928fe2b","Apache-HttpClient"
"","t12d500400_5e02f30799ee_017f05e53f6d","Apache-HttpClient"
"","t12d491200_bd868743f55c_8e22cf86c8bc","Java"
"","t12d490700_730fb1b0ac6a_4446390ac224","python-requests"
"","t12d4906h2_730fb1b0ac6a_a1e935682795","python-httpx"
"","t12d490600_730fb1b0ac6a_a1e935682795","python-requests"
"","t12d4905h1_730fb1b0ac6a_22a92d800fe4","python-requests"
"","t12d461000_5f5519fb12cc_8c0d769f2b89","Java"
"","t12d461000_5f5519fb12cc_1f7ae294493e","Apache-HttpClient"
"","t12d460700_4340435a52a7_a8cc486ca5dc","python-requests"
"","t12d4312h1_c7886603b240_b5f122c55bbb","python-requests"
"","t12d430600_1ce71f0edbb1_a1e935682795","python-requests"
"","t12d430500_1ce71f0edbb1_e6e6c4819e8c","Java"
"","t12d410700_24ba3d7ca8b8_4711183a18cc","Wget"
"","t12d400700_9479543b8654_a8cc486ca5dc","python-requests"
"","t12d400700_45c5f334b675_e637951fca31","GuzzleHttp|Wget|Go-http-client"
"","t12d4006h1_9479543b8654_c1ec2d3e782a","python-urllib"
"","t12d400600_9479543b8654_a8cc486ca5dc","python-requests"
"","t12d3810h1_845d1e55a368_7448b1316cd7","curl"
"","t12d3806h1_10ed599f3404_67a080e8974e","Python aiohttp"
"","t12d3805h1_10ed599f3404_aaf95bb78ec9","python-requests"
"","t12d380500_10ed599f3404_67a080e8974e","Python aiohttp"
"","t12d340900_0ca14b6c4d46_686390af6b8e","Apache-HttpClient"
"","t12d3107h2_f3b328a90fc1_a1e935682795","httpx.rb"
"","t12d290400_11b08e233c4b_c27888be5c97","Apache-HttpClient"
"","t12d280600_d943125447b4_e7e480e5a997","Python aiohttp"
"","t12d280600_d943125447b4_a8cc486ca5dc","Python aiohttp"
"","t12d2805h1_d943125447b4_aaf95bb78ec9","python-requests"
"","t12d2708h2_a2460661a67a_eed5f1524d5c","curl"
"","t12d270500_a26238e287d0_b289314254d8","GuzzleHttp"
"","t12d2310h2_f91c41aead95_12b7a1cb7c36","Go-http-client"
"","t12d220500_80735a4ba246_0dfbe928fe2b","Apache-HttpClient"
"","t12d2106h1_7edff5d5a04c_e5c9f813b5f0","curl"
"","t12d2010h2_2a284e3b0c56_f05fdf8c38a9","Go-http-client"
"","t12d2007h2_5deabddc4cb4_a09050c9de97","Go-http-client"
"","t12d200700_fd2b348cb2be_7b2c844843ac","Go-http-client"
"","t12d1909h2_ab14d9cb224d_70a28de75618","Go-http-client"
"","t12d1809h2_c9be369f5750_02ca148db6c8","Go-http-client"
"","t12d180600_5240cef357da_86615eeb1554","Go-http-client"
"","t12d1709h2_9f4f8ce84403_affa3babc782","Go-http-client"
"","t12d170700_860d3fd37c71_40096621754b","curl"
"","t12d1510h2_073e58a039a6_60bf0a45ed8c","Go-http-client"
"","t12d1509h2_073e58a039a6_e70312a1ce2c","Go-http-client"
"","t12d1312h2_8b80da21ef18_1c0c7ba38891","Go-http-client"
"","t12d1311h2_8b80da21ef18_eb7c9aabf852","Go-http-client"
"","t12d130600_2d7513195f68_e51b7354d87f","zgrab"
"","t12d130500_2d7513195f68_e51b7354d87f","zgrab"
"","t12d1209h2_d34a8e72043a_e08eabe7240f","okhttp"
"","t12d1209h2_d34a8e72043a_b39be8c56a14","okhttp"
"","t12d1208h2_d34a8e72043a_31a7e1922da8","okhttp"
"","t12d0909h2_5e39edccbee7_b39be8c56a14","okhttp"
"","t12d090700_5e39edccbee7_036209cd1ead","okhttp"
"","q13d0408h3_16476d049b0b_fbb62c355b82","curl"
"","q13d0311h3_55b375c5d22e_c183556c78e2","quic-go HTTP3"
"","q13d0311h3_55b375c5d22e_8ca2970c38c4","curl"
